mol_idx,smiles,reward,EGFR,Stab,Perm,EGFR_sim,sampling_group,2ITY_WT_vina_aff,2ITY_WT_vina_aff_std,4WKQ_WT_vina_aff,4WKQ_WT_vina_aff_std,4HJO_inactive_vina_aff,4HJO_inactive_vina_aff_std,4I23_WT_vina_aff,4I23_WT_vina_aff_std,4G5J_T790M_vina_aff,4G5J_T790M_vina_aff_std,4ZAU_T790M_vina_aff,4ZAU_T790M_vina_aff_std,5D41_allosteric_vina_aff,5D41_allosteric_vina_aff_std,T790M_vina_avg,WT_vina_avg,vina_selectivity,T790M_vina_cross_pdb_diff,WT_vina_cross_pdb_diff,allosteric_vina_aff
0,COc1cc2ncnc(Nc3cccc(C(C)(F)c4cc(F)cc(C(F)(F)F)c4)c3)c2cc1OC,0.9758075954955808,8.314696726770364,71.56320250706248,1.1254149609047397,0.7735849056603774,top50,-9.107,0.0,-8.797,0.0,-9.109,0.0,-9.477,0.0,-7.191,0.0,-8.569,0.0,-9.942,0.0,-7.880000000000001,-9.122499999999999,-1.242499999999998,1.378000000000001,0.3099999999999987,-9.942
1,CNCCOCCC(C)(C)c1cccc(Nc2ncnc3cc(OC)c(OC)cc23)c1,0.958558044794288,8.032975241511883,72.70875920220492,0.9160817039081852,0.6271186440677966,top50,-7.543,0.0,-6.898,0.0,-8.762,0.0,-7.286,0.0,-5.796,0.0,-7.175,0.0,-7.984,0.0,-6.4855,-7.622249999999999,-1.1367499999999993,1.3789999999999996,0.6450000000000005,-7.984
2,COc1cc2ncnc(Nc3cccc(C(F)(F)F)c3)c2cc1OC,0.9535558272424872,7.938516015889951,73.79057485526974,1.104663936336194,1.0,top50,-7.476,0.0,-8.365,0.0,-8.967,0.0,-7.963,0.0,-6.885,0.0,-7.197,0.0,-9.058,0.0,-7.041,-8.19275,-1.1517499999999998,0.3120000000000003,0.8890000000000002,-9.058
3,COc1cc2ncnc(Nc3cccc(C(C)(F)CCC4CC4)c3)c2cc1OC,0.953439930164242,7.930957599188412,78.08323724608475,0.981020598161378,0.6964285714285714,top50,-7.104,0.0,-7.965,0.0,-9.294,0.0,-8.122,0.0,-6.535,0.0,-7.128,0.0,-8.895,0.0,-6.8315,-8.12125,-1.2897499999999997,0.593,0.8609999999999998,-8.895
4,COc1cc2ncnc(Nc3cccc(C(C)(F)c4cccc(F)c4)c3)c2cc1OC,0.9529152752692124,7.961319985767187,72.19559975964695,1.2729282484296798,0.7755102040816326,top50,-8.544,0.0,-8.765,0.0,-9.967,0.0,-9.277,0.0,-6.689,0.0,-8.522,0.0,-9.37,0.0,-7.6055,-9.138250000000001,-1.532750000000001,1.8330000000000002,0.22100000000000009,-9.37
5,CNCCC(C)(C)c1cccc(Nc2ncnc3cc(OC)c(OC)cc23)c1,0.9521502208583134,7.93671638514922,74.13526618838641,0.9016010828095506,0.6851851851851852,top50,-8.066,0.0,-7.604,0.0,-8.903,0.0,-7.654,0.0,-6.205,0.0,-7.402,0.0,-8.241,0.0,-6.8035,-8.056750000000001,-1.2532500000000013,1.197,0.46200000000000063,-8.241
6,COc1cc2ncnc(Nc3cccc(C(C)(C)Nc4cc(C(F)(F)F)ccn4)c3)c2cc1OC,0.9494288742726408,8.101017247857536,68.41567949622247,0.9693035428164216,0.7636363636363637,top50,-8.56,0.0,-8.607,0.0,-10.38,0.0,-8.291,0.0,-7.101,0.0,-8.09,0.0,-8.909,0.0,-7.5954999999999995,-8.959500000000002,-1.3640000000000025,0.9889999999999999,0.04699999999999882,-8.909
7,COc1cc2ncnc(Nc3cccc(C(C)(F)c4cccc(N)n4)c3)c2cc1OC,0.949151403250969,7.92094233431148,75.03982524905204,0.85157372727426,0.6964285714285714,top50,-9.079,0.0,-8.952,0.0,-9.789,0.0,-9.534,0.0,-6.612,0.0,-8.58,0.0,-9.111,0.0,-7.596,-9.3385,-1.7424999999999997,1.968,0.12700000000000067,-9.111
8,COc1cc2ncnc(Nc3cccc(C(O)(CO)c4ccccc4F)c3)c2cc1OC,0.948474013655374,7.893660531406166,78.09273773849216,0.8931890979935163,0.6440677966101694,top50,-7.903,0.0,-7.909,0.0,-8.838,0.0,-8.157,0.0,-6.611,0.0,-7.748,0.0,-8.775,0.0,-7.1795,-8.20175,-1.0222500000000005,1.1370000000000005,0.006000000000000227,-8.775
9,COc1cc2ncnc(Nc3cccc(C(C)(F)c4cccc(C(F)(F)F)c4)c3)c2cc1OC,0.9472118171712542,7.911424158976331,71.58556629737917,1.1463993528634615,0.8936170212765957,top50,-8.8,0.0,-8.63,0.0,-9.614,0.0,-8.877,0.0,-7.283,0.0,-8.436,0.0,-9.642,0.0,-7.859500000000001,-8.98025,-1.1207499999999992,1.1529999999999996,0.16999999999999993,-9.642
10,COc1cc2ncnc(Nc3cccc(C(C)(F)CC4CN(C)C4)c3)c2cc1OC,0.9465041892698433,7.955740492452324,71.26097871074256,0.8506376439998886,0.6610169491525424,top50,-7.549,0.0,-7.804,0.0,-9.403,0.0,-8.089,0.0,-6.094,0.0,-7.273,0.0,-8.966,0.0,-6.6835,-8.21125,-1.5277499999999993,1.1789999999999994,0.2549999999999999,-8.966
11,COc1cc2ncnc(Nc3cccc(C(F)(F)F)c3)c2cc1OCc1cc(F)cc(Cl)c1,0.9450952635146465,7.902246636876797,71.14542446689097,0.9798183551259152,0.7368421052631579,top50,-8.82,0.0,-8.784,0.0,-9.681,0.0,-8.372,0.0,-7.24,0.0,-8.228,0.0,-8.994,0.0,-7.734,-8.91425,-1.1802499999999991,0.9879999999999995,0.03599999999999959,-8.994
12,COc1cc2ncnc(Nc3cccc(C(O)(CO)c4cccc(F)c4)c3)c2cc1OC,0.9445872288712778,7.860158828693177,72.7850408974034,0.9295098090470107,0.7169811320754716,top50,-8.048,0.0,-8.108,0.0,-8.875,0.0,-8.623,0.0,-6.306,0.0,-8.018,0.0,-9.453,0.0,-7.162000000000001,-8.413499999999999,-1.2514999999999983,1.7120000000000006,0.0600000000000005,-9.453
13,COc1cc2ncnc(Nc3cccc(C(C)(C)CCOCC(F)(F)F)c3)c2cc1OC,0.944519243500935,7.8348925339759,73.88528819797605,1.0240400756234944,0.7142857142857143,top50,-6.986,0.0,-7.779,0.0,-8.739,0.0,-7.734,0.0,-6.475,0.0,-7.318,0.0,-8.692,0.0,-6.8965,-7.8095,-0.9130000000000003,0.843,0.7930000000000001,-8.692
14,COc1cc2ncnc(Nc3cccc(C(F)(CO)CC4CN(C)C4)c3)c2cc1OC,0.9432555814537208,7.858207292616671,74.0908835866035,0.8499362165896635,0.6290322580645161,top50,-7.618,0.0,-7.746,0.0,-8.642,0.0,-7.352,0.0,-5.698,0.0,-7.315,0.0,-8.088,0.0,-6.506500000000001,-7.8395,-1.3329999999999993,1.617,0.1280000000000001,-8.088
15,COc1cc2ncnc(Nc3cccc(C(O)(CO)c4cc(F)cc(F)c4)c3)c2cc1OC,0.9431446663712184,7.837717030907125,74.57407884299629,0.8858306659713754,0.6666666666666666,top50,-8.447,0.0,-8.944,0.0,-8.789,0.0,-8.549,0.0,-6.591,0.0,-7.92,0.0,-9.841,0.0,-7.2555,-8.68225,-1.4267500000000002,1.3289999999999997,0.49700000000000166,-9.841
16,COc1cc2ncnc(Nc3cccc(C(C)(F)Cc4c(F)cccc4F)c3)c2cc1OC,0.9424927850934194,8.054868630597545,67.7324347345687,1.1111561663402056,0.7222222222222222,top50,-8.36,0.0,-9.238,0.0,-10.35,0.0,-9.144,0.0,-6.87,0.0,-8.251,0.0,-9.291,0.0,-7.560499999999999,-9.273,-1.7125000000000004,1.3809999999999993,0.8780000000000001,-9.291
17,COc1cc2ncnc(Nc3cccc(C(C)(F)CC4CC4)c3)c2cc1OC,0.941404911801606,7.818054915750309,72.71587659470799,1.05516685792645,0.7090909090909091,top50,-7.353,0.0,-8.065,0.0,-9.409,0.0,-7.818,0.0,-6.407,0.0,-7.613,0.0,-8.683,0.0,-7.01,-8.161249999999999,-1.1512499999999992,1.2060000000000004,0.7119999999999997,-8.683
18,COc1cc2ncnc(Nc3cccc(C(C)(C)Nc4c[nH]cn4)c3)c2cc1OC,0.9412677348511214,8.074071518782452,67.61057234823349,0.8890001856071766,0.6379310344827587,top50,-7.986,0.0,-7.864,0.0,-9.567,0.0,-8.496,0.0,-6.155,0.0,-8.111,0.0,-8.475,0.0,-7.133000000000001,-8.478250000000001,-1.34525,1.9560000000000004,0.12199999999999989,-8.475
19,COc1cc2ncnc(Nc3cccc(C(C)(F)Cc4c(N)n[nH]c4C)c3)c2cc1OC,0.9408222454376286,7.93746381502037,71.98429711179847,0.7529688371522122,0.6290322580645161,top50,-8.488,0.0,-8.751,0.0,-10.12,0.0,-9.174,0.0,-5.933,0.0,-8.111,0.0,-8.252,0.0,-7.022,-9.133249999999999,-2.1112499999999983,2.178000000000001,0.2629999999999999,-8.252
20,COc1cc2ncnc(Nc3cccc(F)c3F)c2cc1OC1CCN(C)CC1,0.9404242180042396,7.852917541591351,73.42683877429327,0.8172197318341061,0.8360655737704918,top50,-8.339,0.0,-8.805,0.0,-8.819,0.0,-8.662,0.0,-6.475,0.0,-8.285,0.0,-8.664,0.0,-7.38,-8.65625,-1.27625,1.8100000000000005,0.4659999999999993,-8.664
21,COc1cc2ncnc(Nc3cccc(C(C)(F)c4ccn(C(C)(C)C)c4)c3)c2cc1OC,0.939845024202849,7.793115112690704,73.20011908463965,1.0621903117136202,0.6842105263157895,top50,-8.304,0.0,-7.739,0.0,-8.415,0.0,-8.384,0.0,-6.271,0.0,-7.751,0.0,-9.127,0.0,-7.011,-8.2105,-1.1994999999999996,1.4800000000000004,0.5650000000000004,-9.127
22,COc1cc2ncnc(Nc3cccc(C(C)(F)C(F)(F)F)c3)c2cc1OC,0.93980485334107,7.802967465393416,74.47272992482021,0.8834606845823971,0.8125,top50,-8.305,0.0,-7.913,0.0,-9.85,0.0,-7.97,0.0,-6.368,0.0,-7.495,0.0,-9.186,0.0,-6.9315,-8.5095,-1.5779999999999994,1.1269999999999998,0.39199999999999946,-9.186
23,COc1cc2ncnc(Nc3cccc(C(C)(F)Cc4c(N)nc(N)nc4N)c3)c2cc1OC,0.9395601258134112,7.964272912959704,68.4965308928532,0.9881525848225872,0.6724137931034483,top50,-8.348,0.0,-8.584,0.0,-9.632,0.0,-8.75,0.0,-6.207,0.0,-8.497,0.0,-9.145,0.0,-7.352,-8.8285,-1.4764999999999997,2.29,0.23599999999999888,-9.145
24,COCCOCCC(C)(C)c1cccc(Nc2ncnc3cc(OC)c(OC)cc23)c1,0.9392046149934328,7.782634201344909,73.47204383674111,1.1293410392995886,0.6491228070175439,top50,-7.23,0.0,-6.992,0.0,-8.382,0.0,-7.024,0.0,-5.479,0.0,-6.628,0.0,-7.879,0.0,-6.0535,-7.407,-1.3535000000000004,1.149,0.23800000000000043,-7.879
25,COc1cc2ncnc(Nc3cccc(C(C)(F)c4cccc(N)c4)c3)c2cc1OC,0.9384638127333118,7.812166102819114,71.63378241330129,1.075840773701831,0.7647058823529411,top50,-8.972,0.0,-8.234,0.0,-9.666,0.0,-9.562,0.0,-6.31,0.0,-8.671,0.0,-10.21,0.0,-7.490499999999999,-9.1085,-1.6180000000000003,2.3609999999999998,0.7379999999999995,-10.21
26,COc1cc2ncnc(Nc3cccc(C(C)(C)CCC4CC4)c3)c2cc1OC,0.9380953558825824,7.761578329459228,75.18140988422054,1.0301771354719682,0.6607142857142857,top50,-7.717,0.0,-7.835,0.0,-8.905,0.0,-7.86,0.0,-6.576,0.0,-7.199,0.0,-8.536,0.0,-6.887499999999999,-8.07925,-1.1917500000000008,0.6230000000000002,0.11800000000000033,-8.536
27,COc1cc2ncnc(Nc3cccc(C(C)(F)Cc4ccncc4N)c3)c2cc1OC,0.9380653980432117,7.771077031636856,73.44426807901966,1.0570441361455716,0.639344262295082,top50,-7.924,0.0,-8.717,0.0,-9.955,0.0,-8.561,0.0,-6.332,0.0,-8.38,0.0,-8.962,0.0,-7.356,-8.789250000000001,-1.433250000000001,2.048000000000001,0.7930000000000001,-8.962
28,COc1cc2ncnc(Nc3cccc(C(C)(F)c4cccc(C)c4)c3)c2cc1OC,0.9366862651611404,7.91449681261194,68.74341950157375,1.181390662989547,0.7647058823529411,top50,-8.581,0.0,-8.266,0.0,-9.557,0.0,-9.484,0.0,-6.761,0.0,-8.559,0.0,-10.43,0.0,-7.66,-8.972000000000001,-1.3120000000000012,1.7979999999999992,0.3149999999999995,-10.43
29,COc1cc2ncnc(Nc3cccc(C(C)(C)OC(F)(F)F)c3)c2cc1OC,0.936624703688462,7.967241516866917,67.89540658922971,1.1962115784565808,0.7959183673469388,top50,-7.817,0.0,-7.97,0.0,-9.425,0.0,-7.816,0.0,-6.559,0.0,-7.371,0.0,-9.023,0.0,-6.965,-8.257,-1.2919999999999998,0.8120000000000003,0.15299999999999958,-9.023
30,COc1cc2ncnc(Nc3cccc(C(C)(F)CC(F)F)c3)c2cc1OC,0.9364603182287324,7.765903990219329,72.7073559234074,1.1954754532335583,0.75,top50,-7.514,0.0,-8.035,0.0,-9.223,0.0,-7.774,0.0,-6.49,0.0,-7.493,0.0,-9.07,0.0,-6.9915,-8.1365,-1.1449999999999996,1.0030000000000001,0.5209999999999999,-9.07
31,COc1cc2ncnc(Nc3cccc(C(C)(F)c4ccn(C)n4)c3)c2cc1OC,0.936269970611986,7.818226774191735,71.3041890655704,0.8913080120610412,0.6842105263157895,top50,-8.274,0.0,-7.889,0.0,-9.065,0.0,-7.809,0.0,-6.252,0.0,-7.505,0.0,-8.491,0.0,-6.8785,-8.25925,-1.38075,1.2530000000000001,0.3849999999999989,-8.491
32,COc1cc2ncnc(Nc3cccc(C(C)(F)c4ccn(C)c4)c3)c2cc1OC,0.9361660399090432,7.892685489141182,69.02544747984996,1.116551250566265,0.6964285714285714,top50,-8.267,0.0,-8.092,0.0,-9.027,0.0,-8.482,0.0,-6.368,0.0,-7.535,0.0,-8.535,0.0,-6.9515,-8.467,-1.5155000000000003,1.1669999999999998,0.17499999999999893,-8.535
33,CNCCCC(C)(C)c1cccc(Nc2ncnc3cc(OC)c(OC)cc23)c1,0.9347730442588728,7.770063671654924,75.13709172099858,0.8371404516771641,0.6607142857142857,top50,-7.698,0.0,-7.434,0.0,-8.475,0.0,-7.856,0.0,-6.116,0.0,-7.241,0.0,-8.309,0.0,-6.6785,-7.86575,-1.1872500000000006,1.125,0.26400000000000023,-8.309
34,COc1cc2ncnc(Nc3cccc(C(C)(C)CCNC4CC4)c3)c2cc1OC,0.9343349867611382,7.732392054307566,73.47500752474392,1.0383423149810402,0.6271186440677966,top50,-7.233,0.0,-7.514,0.0,-8.462,0.0,-7.489,0.0,-6.104,0.0,-7.055,0.0,-8.21,0.0,-6.5794999999999995,-7.6745,-1.0950000000000006,0.9509999999999996,0.2810000000000006,-8.21
35,COc1cc2ncnc(Nc3cccc(C(C)(F)Cc4c(F)cccc4OC)c3)c2cc1OC,0.9330758854129096,7.828117648802674,69.62281046249711,1.1233575632189423,0.6964285714285714,top50,-8.257,0.0,-8.779,0.0,-9.481,0.0,-8.811,0.0,-5.955,0.0,-8.193,0.0,-9.189,0.0,-7.074,-8.832,-1.758000000000001,2.2379999999999995,0.5220000000000002,-9.189
36,COc1cc2ncnc(Nc3cccc(C(C)(C)CCC(C)(F)F)c3)c2cc1OC,0.9330637432972512,7.71075452258864,74.75335627821761,1.178149819462455,0.75,top50,-7.46,0.0,-7.84,0.0,-9.51,0.0,-8.256,0.0,-6.79,0.0,-7.278,0.0,-8.857,0.0,-7.034,-8.2665,-1.2325000000000008,0.48799999999999955,0.3799999999999999,-8.857
37,COc1cc2ncnc(Nc3cccc(C(C)(C)CCNC4CCCC4)c3)c2cc1OC,0.9320646806238084,7.71624921236592,73.8822756456589,0.916387137093684,0.6065573770491803,top50,-6.905,0.0,-7.66,0.0,-9.683,0.0,-8.43,0.0,-6.064,0.0,-7.591,0.0,-8.639,0.0,-6.827500000000001,-8.1695,-1.3419999999999987,1.5270000000000001,0.7549999999999999,-8.639
38,COc1cc2ncnc(Nc3cccc(C(CO)(CO)CCN4CCC(O)CC4)c3)c2cc1OC,0.9319877634948626,7.714127445916545,75.95131100565129,0.9038412471779876,0.5606060606060606,top50,-7.684,0.0,-7.808,0.0,-8.116,0.0,-7.153,0.0,-5.795,0.0,-7.458,0.0,-7.62,0.0,-6.6265,-7.69025,-1.0637499999999998,1.6630000000000003,0.12399999999999967,-7.62
39,COc1cc2ncnc(Nc3cccc(C(C)(C)CCC(F)(F)F)c3)c2cc1OC,0.9315331849940146,7.695335137368291,74.96430949940267,1.1561648376155371,0.75,top50,-7.755,0.0,-8.385,0.0,-9.534,0.0,-7.969,0.0,-6.982,0.0,-7.356,0.0,-9.063,0.0,-7.1690000000000005,-8.41075,-1.2417499999999997,0.37399999999999967,0.6299999999999999,-9.063
40,COc1cc2ncnc(Nc3cccc(C(C)(F)c4cccc(F)c4)c3)c2cc1C(C)(C)C,0.9314022414986054,7.72786992011137,72.04666181843007,1.3411119176481718,0.6545454545454545,top50,-9.362,0.0,-8.191,0.0,-10.27,0.0,-9.646,0.0,-7.393,0.0,-8.29,0.0,-10.2,0.0,-7.8415,-9.36725,-1.5257500000000004,0.8969999999999994,1.1709999999999994,-10.2
41,COc1cc2ncnc(Nc3cccc(C(C)(C)CCC4COC4)c3)c2cc1OC,0.9311840721640396,7.828179789061906,69.18625115692907,1.0088570689103211,0.6166666666666667,top50,-7.363,0.0,-7.933,0.0,-8.793,0.0,-8.02,0.0,-5.885,0.0,-7.315,0.0,-8.469,0.0,-6.6,-8.027249999999999,-1.427249999999999,1.4300000000000006,0.5699999999999994,-8.469
42,COc1cc2ncnc(Nc3cccc(C(C)(F)Cc4cnn(C5CC5)c4N)c3)c2cc1OC,0.9306584602506938,7.8438224878301455,70.22472039447074,0.8000433013247097,0.5909090909090909,top50,-7.887,0.0,-8.081,0.0,-9.289,0.0,-8.278,0.0,-6.113,0.0,-7.457,0.0,-8.922,0.0,-6.785,-8.38375,-1.598749999999999,1.3439999999999994,0.19399999999999995,-8.922
43,COc1cc2ncnc(Nc3cccc(Cl)c3F)c2cc1OC,0.9301483188712596,7.875679305197531,68.11688787913005,1.3399251894035145,0.7368421052631579,top50,-7.575,0.0,-8.105,0.0,-8.563,0.0,-7.818,0.0,-6.041,0.0,-7.393,0.0,-7.905,0.0,-6.7170000000000005,-8.01525,-1.2982499999999995,1.3519999999999994,0.5300000000000002,-7.905
44,COc1cc2ncnc(Nc3cccc(C(C)(C)CCCOC(F)(F)F)c3)c2cc1OC,0.9295477314146048,7.676082282655826,75.06801060544467,0.9876226820727912,0.6842105263157895,top50,-6.86,0.0,-7.859,0.0,-9.069,0.0,-8.021,0.0,-6.512,0.0,-7.342,0.0,-8.721,0.0,-6.927,-7.952250000000001,-1.0252500000000015,0.8300000000000001,0.9989999999999997,-8.721
45,COc1cc2ncnc(Nc3cccc(C(C)(F)c4ccn(C(C)C)c4)c3)c2cc1OC,0.9280881485419544,7.863147222150342,67.93847555557761,1.139389021452382,0.6724137931034483,top50,-8.083,0.0,-8.287,0.0,-8.926,0.0,-8.439,0.0,-6.095,0.0,-7.636,0.0,-8.952,0.0,-6.8655,-8.43375,-1.56825,1.5410000000000004,0.20400000000000063,-8.952
46,COc1cc2ncnc(Nc3cccc(C(C)(F)CCOC(F)(F)F)c3)c2cc1OC,0.9280222889614612,7.6950662458359025,72.00105728281429,1.0972332360213184,0.7090909090909091,top50,-7.535,0.0,-7.904,0.0,-9.443,0.0,-7.682,0.0,-6.855,0.0,-7.012,0.0,-9.408,0.0,-6.9335,-8.141,-1.2074999999999996,0.15699999999999914,0.3689999999999998,-9.408
47,COc1cc2ncnc(Nc3cccc(C(C)(F)c4ccncc4)c3)c2cc1OC,0.9278433311478632,7.868038791089641,67.81612184860303,1.257413921120388,0.75,top50,-8.068,0.0,-8.203,0.0,-9.373,0.0,-8.58,0.0,-6.224,0.0,-8.018,0.0,-9.391,0.0,-7.121,-8.556,-1.4349999999999987,1.7940000000000005,0.1349999999999998,-9.391
48,COc1cc2ncnc(Nc3cccc(C(C)(C)CC(C)(F)c4cccc(C(F)(F)F)c4)c3)c2cc1OC,0.9276414520844076,7.863974895758895,67.84397698462755,1.119754074868635,0.7924528301886793,top50,-8.685,0.0,-8.687,0.0,-9.49,0.0,-8.589,0.0,-7.398,0.0,-8.221,0.0,-10.47,0.0,-7.8095,-8.86275,-1.0532500000000002,0.8230000000000004,0.0019999999999988916,-10.47
49,COc1cc2ncnc(Nc3cccc(C(C)(C)NC4CC4)c3)c2cc1OC,0.9275334731282168,7.794316879629719,69.06904977368863,1.151373373838566,0.6851851851851852,top50,-7.555,0.0,-7.769,0.0,-8.935,0.0,-7.827,0.0,-6.273,0.0,-7.408,0.0,-7.877,0.0,-6.8405000000000005,-8.0215,-1.1809999999999992,1.1350000000000007,0.2140000000000004,-7.877
50,COc1cc2ncnc(Nc3cccc(C(C)(F)C(C)C)c3)c2cc1OCCN1CCOCC1,0.6203061184875567,6.988572296554944,47.76918842024342,1.141409299937375,0.6533333333333333,random100,-7.766,0.0,-8.007,0.0,-9.964,0.0,-7.703,0.0,-5.657,0.0,-7.984,0.0,-9.205,0.0,-6.8205,-8.360000000000001,-1.5395000000000012,2.327,0.24099999999999966,-9.205
51,COc1cc2ncnc(Nc3cccc(C(C)(F)F)c3)c2cc1N1CCNCC1,0.7804686983737823,6.745701161628048,107.0768512898565,0.5344916184367625,0.6065573770491803,random100,-8.255,0.0,-7.915,0.0,-9.944,0.0,-8.523,0.0,-7.029,0.0,-7.765,0.0,-8.907,0.0,-7.397,-8.65925,-1.2622499999999999,0.7359999999999998,0.34000000000000075,-8.907
52,COc1cc2ncnc(Nc3cccc(Cc4cccnc4N)c3)c2cc1OC,0.579230868038764,7.414443533456871,42.633257884407655,0.830257385147232,0.5892857142857143,random100,-8.028,0.0,-8.576,0.0,-10.21,0.0,-8.323,0.0,-6.294,0.0,-8.267,0.0,-9.363,0.0,-7.2805,-8.78425,-1.5037500000000001,1.9729999999999999,0.548,-9.363
53,COc1cc2ncnc(Nc3cccc(C(C)(F)CCC4(F)COC4)c3)c2cc1OC,0.915941833139246,7.582258313053421,71.88124185886404,1.1223959641458603,0.639344262295082,random100,-7.783,0.0,-8.461,0.0,-9.524,0.0,-8.271,0.0,-6.122,0.0,-7.043,0.0,-9.303,0.0,-6.5825,-8.50975,-1.9272500000000008,0.9210000000000003,0.6779999999999999,-9.303
54,CCCc1cccc(Nc2ncnc3cc(OC)c(OC)cc23)c1F,0.6166699257752968,6.748788151380966,49.43800093526143,1.0587169608383786,0.66,random100,-7.89,0.0,-7.875,0.0,-8.406,0.0,-7.497,0.0,-6.725,0.0,-7.182,0.0,-8.514,0.0,-6.9535,-7.917,-0.9634999999999998,0.45700000000000074,0.01499999999999968,-8.514
55,COc1cc2ncnc(Nc3cccc(C(CO)CC4(CO)CCCC4)c3)c2cc1OC,0.7164743006305896,7.3461355482497375,53.76604077970472,0.5647323408648577,0.5573770491803278,random100,-7.48,0.0,-7.122,0.0,-8.167,0.0,-7.814,0.0,-5.528,0.0,-7.128,0.0,-8.169,0.0,-6.327999999999999,-7.64575,-1.3177500000000002,1.6000000000000005,0.35800000000000054,-8.169
56,COc1cc2ncnc(Nc3cccc(C(C)(F)CC4CC4)c3)c2cc1OCCC(C)C,0.9209207028826504,7.601484246934363,73.86785902053576,0.953933349231104,0.6,random100,-7.201,0.0,-7.405,0.0,-8.984,0.0,-7.467,0.0,-6.513,0.0,-7.389,0.0,-8.151,0.0,-6.9510000000000005,-7.76425,-0.8132499999999991,0.8760000000000003,0.20400000000000063,-8.151
57,COc1cc2ncnc(Nc3cccc(CC4CCOCC4)c3)c2cc1OC,0.7605609935855919,7.514215354095145,54.11646765730983,1.005857244169155,0.5892857142857143,random100,-7.737,0.0,-7.806,0.0,-9.755,0.0,-7.812,0.0,-6.006,0.0,-7.745,0.0,-9.008,0.0,-6.875500000000001,-8.2775,-1.4019999999999992,1.7389999999999999,0.06899999999999995,-9.008
58,COc1cc2ncnc(Nc3cccc(C(C)(C)CCC(C)(C)O)c3)c2cc1OC,0.863687270329978,7.384926131233307,65.46792178745164,1.1808956987825785,0.6851851851851852,random100,-7.74,0.0,-7.892,0.0,-9.15,0.0,-8.155,0.0,-6.497,0.0,-7.777,0.0,-8.875,0.0,-7.1370000000000005,-8.234250000000001,-1.0972500000000007,1.2800000000000002,0.15200000000000014,-8.875
59,COc1cc2ncnc(Nc3cccc(C(C)(C)C)c3)c2cc1-c1ccccc1S(=O)(=O)N(C)C,0.8582053895691862,7.087227881636794,73.94233011615061,1.2409248961687065,0.546875,random100,-8.003,0.0,-8.201,0.0,-8.48,0.0,-7.353,0.0,-6.33,0.0,-8.389,0.0,-6.486,0.0,-7.3595,-8.00925,-0.64975,2.0589999999999993,0.1980000000000004,-6.486
60,COc1cc2ncnc(Nc3cccc(C(CO)CC4CC(C)(C)NC4=O)c3)c2cc1OC,0.9092038934958688,8.04550211138093,69.16645760279528,0.4917940073223016,0.4927536231884058,random100,-8.222,0.0,-8.331,0.0,-8.778,0.0,-8.209,0.0,-6.483,0.0,-8.172,0.0,-8.62,0.0,-7.327500000000001,-8.384999999999998,-1.0574999999999974,1.689000000000001,0.10899999999999999,-8.62
61,CCOc1cc2c(Nc3cccc(C(C)(CO)CCN(C)C)c3)ncnc2cc1OC,0.5792499006755036,7.154014062637341,44.16841412172486,0.7814937456630735,0.578125,random100,-7.081,0.0,-6.932,0.0,-8.082,0.0,-7.393,0.0,-5.286,0.0,-6.848,0.0,-7.732,0.0,-6.067,-7.372000000000001,-1.3050000000000006,1.5620000000000003,0.14900000000000002,-7.732
62,COc1cc2ncnc(Nc3cccc(C(CO)c4ccc(C)cc4)c3)c2cc1OC,0.808063372649048,7.041112721352516,66.80492678444934,0.6107945952207519,0.6481481481481481,random100,-8.079,0.0,-8.622,0.0,-9.917,0.0,-8.479,0.0,-6.72,0.0,-7.962,0.0,-9.302,0.0,-7.340999999999999,-8.77425,-1.433250000000001,1.242,0.5429999999999993,-9.302
63,COc1cc2ncnc(Nc3cccc(CNc4nncs4)c3)c2cc1OC,0.7323247967153595,7.23370641036681,54.25324360638049,0.885244176201739,0.5689655172413793,random100,-7.489,0.0,-7.443,0.0,-9.597,0.0,-7.718,0.0,-5.962,0.0,-7.853,0.0,-8.743,0.0,-6.9075,-8.06175,-1.1542500000000002,1.891,0.04600000000000026,-8.743
64,COc1cc2ncnc(Nc3cccc(C(C)(F)CCN4CCCC4)c3F)c2cc1OC,0.7752212523707793,6.530579861685742,74.42761280398891,0.951908441271333,0.5972222222222222,random100,-7.962,0.0,-8.25,0.0,-9.271,0.0,-8.135,0.0,-6.205,0.0,-7.562,0.0,-8.548,0.0,-6.8835,-8.4045,-1.5210000000000008,1.3570000000000002,0.28800000000000026,-8.548
65,COc1cc2ncnc(Nc3cccc(C(C)(F)CO)c3)c2cc1OCc1ccccc1C,0.7853773059140166,6.9282868136562215,62.72730980498056,1.1546252905290315,0.6290322580645161,random100,-8.667,0.0,-8.88,0.0,-9.683,0.0,-8.65,0.0,-6.214,0.0,-7.725,0.0,-9.395,0.0,-6.9695,-8.97,-2.0005000000000006,1.5109999999999992,0.21300000000000097,-9.395
66,COc1cc2ncnc(Nc3cccc(C(C)(F)c4cnn(C)c4)c3)c2cc1OC,0.9162329063476344,7.58645908050233,71.81355310333988,1.2187215169965964,0.6964285714285714,random100,-7.803,0.0,-7.874,0.0,-9.035,0.0,-7.47,0.0,-6.314,0.0,-7.684,0.0,-8.502,0.0,-6.9990000000000006,-8.0455,-1.0465,1.37,0.07099999999999973,-8.502
67,COc1cc2ncnc(Nc3ccc(Cl)c(Cl)c3)c2cc1OCc1ccccc1,0.5484017046204305,7.448221252898925,40.34467418886334,1.183941251561453,0.7962962962962963,random100,-8.448,0.0,-8.858,0.0,-9.376,0.0,-7.868,0.0,-6.635,0.0,-7.493,0.0,-8.768,0.0,-7.064,-8.637500000000001,-1.573500000000001,0.8580000000000005,0.41000000000000014,-8.768
68,COc1cc2ncnc(Nc3cccc(COCCNC(C)C)c3)c2cc1OC,0.726181942876934,7.402965377960208,52.44637899615076,0.8978546808358124,0.6060606060606061,random100,-7.137,0.0,-7.3,0.0,-8.547,0.0,-6.984,0.0,-5.665,0.0,-7.044,0.0,-8.099,0.0,-6.3545,-7.492000000000001,-1.137500000000001,1.3789999999999996,0.16300000000000026,-8.099
69,COc1cc2ncnc(Nc3ccc(Cl)c(Cl)c3)c2cc1OCCN1CCCC1,0.8204109973661421,7.333273378165053,61.08399125843021,0.9047821880022224,0.847457627118644,random100,-7.287,0.0,-7.824,0.0,-8.651,0.0,-8.08,0.0,-6.166,0.0,-7.282,0.0,-8.707,0.0,-6.724,-7.9605,-1.2364999999999995,1.1159999999999997,0.5369999999999999,-8.707
70,COc1cc2ncnc(Nc3cccc(C(C)(C)Nc4cncnc4)c3)c2cc1OC,0.8513933503643997,7.54803160130708,61.76016378603555,1.2132139181680468,0.6851851851851852,random100,-7.928,0.0,-7.497,0.0,-9.333,0.0,-8.137,0.0,-6.129,0.0,-7.584,0.0,-8.76,0.0,-6.8565,-8.22375,-1.3672500000000012,1.455,0.43100000000000005,-8.76
71,COc1cc2ncnc(Nc3cccc(C(C)(C)CC(C)(C)N)c3)c2cc1OCC1(N)CCC1,0.8448740984045654,7.603893091775858,60.52067228931437,1.132822360375396,0.5606060606060606,random100,-7.94,0.0,-7.913,0.0,-9.854,0.0,-8.345,0.0,-6.736,0.0,-7.166,0.0,-8.196,0.0,-6.9510000000000005,-8.513,-1.5619999999999994,0.4300000000000006,0.027000000000000135,-8.196
72,COc1ccc(Cl)c(CC(C)(F)c2cccc(Nc3ncnc4cc(OC)c(OC)cc34)c2)c1,0.8464401180180108,7.27443169924845,64.890572428614,0.980072159449942,0.65,random100,-7.912,0.0,-7.833,0.0,-9.633,0.0,-7.971,0.0,-6.123,0.0,-7.815,0.0,-9.002,0.0,-6.969,-8.337250000000001,-1.3682500000000006,1.6920000000000002,0.07899999999999974,-9.002
73,COc1cc2ncnc(Nc3cccc(C(CO)c4c[nH]c(=O)[nH]4)c3)c2cc1OC,0.8126554715063853,7.385127286272236,67.22120269270317,0.3355750516681043,0.5423728813559322,random100,-8.003,0.0,-7.76,0.0,-9.519,0.0,-7.588,0.0,-6.591,0.0,-8.343,0.0,-8.311,0.0,-7.4670000000000005,-8.2175,-0.7504999999999988,1.7519999999999998,0.24300000000000033,-8.311
74,COc1cc2ncnc(Nc3cccc(C(CO)CN4CCOCC4)c3)c2cc1Cl,0.7531780101645409,7.388533409413507,54.57083479177047,0.9097838920635468,0.5949367088607594,random100,-7.609,0.0,-7.313,0.0,-8.803,0.0,-7.76,0.0,-5.935,0.0,-7.674,0.0,-8.193,0.0,-6.8045,-7.87125,-1.0667499999999999,1.7390000000000008,0.29600000000000026,-8.193
75,COc1cc2ncnc(Nc3cccc(C(CO)c4ccc(C#N)cc4)c3)c2cc1OC,0.7542460378989265,6.743986205012447,67.62283001926633,0.4673051803885494,0.6724137931034483,random100,-7.843,0.0,-8.21,0.0,-9.167,0.0,-7.6,0.0,-5.991,0.0,-7.328,0.0,-8.669,0.0,-6.6594999999999995,-8.205,-1.5455000000000005,1.3370000000000006,0.3670000000000009,-8.669
76,COc1cc2ncnc(Nc3cccc(C(C)(F)Cc4ccc(Cl)cc4Cl)c3)c2cc1OC,0.8807742212672116,7.626213806222628,64.91768355273709,0.8108733769444857,0.6610169491525424,random100,-7.979,0.0,-9.02,0.0,-9.78,0.0,-8.884,0.0,-6.759,0.0,-8.392,0.0,-9.938,0.0,-7.5755,-8.91575,-1.3402499999999993,1.6329999999999991,1.0409999999999995,-9.938
77,COc1cc2ncnc(Nc3cccc(C(C)(C)NCc4ccccc4)c3)c2cc1OC,0.7140929776480738,7.469469395889882,51.04319183680666,1.0794041047444962,0.6727272727272727,random100,-7.785,0.0,-8.256,0.0,-9.659,0.0,-8.537,0.0,-6.617,0.0,-7.78,0.0,-8.618,0.0,-7.1985,-8.55925,-1.3607500000000003,1.1630000000000003,0.4710000000000001,-8.618
78,COc1cc2ncnc(Nc3cccc(Cc4ccccc4NS(C)(=O)=O)c3)c2cc1OC,0.5523368213056037,6.780347910016598,44.48080137430593,0.963725359110196,0.5614035087719298,random100,-8.071,0.0,-8.679,0.0,-9.215,0.0,-7.96,0.0,-6.385,0.0,-8.266,0.0,-9.509,0.0,-7.3255,-8.48125,-1.1557499999999994,1.8810000000000002,0.6080000000000005,-9.509
79,CCOc1cc2c(Nc3cccc(C(C)(C)CCOC(=O)NC(C)C)c3)ncnc2cc1OC,0.5470877521395763,6.4155595876728935,47.07837161609308,1.1657700657857375,0.5362318840579711,random100,-7.127,0.0,-7.157,0.0,-8.659,0.0,-7.278,0.0,-5.835,0.0,-7.24,0.0,-8.433,0.0,-6.5375,-7.555249999999999,-1.0177499999999995,1.4050000000000002,0.03000000000000025,-8.433
80,COc1cc2ncnc(Nc3cccc(C(C)(F)Cc4ccc(Cl)cc4)c3)c2cc1OC,0.9087370656063644,7.721699137237396,66.8591492704527,1.2050392519554227,0.6964285714285714,random100,-8.274,0.0,-7.846,0.0,-9.74,0.0,-8.237,0.0,-6.864,0.0,-7.993,0.0,-9.291,0.0,-7.4285,-8.52425,-1.0957500000000007,1.1290000000000004,0.42799999999999905,-9.291
81,CCC(CO)c1cccc(Nc2ncnc3cc(OC)c(OC)cc23)c1O,0.6994280236087321,6.962824209488398,54.20070678387757,0.8390449552787104,0.543859649122807,random100,-7.398,0.0,-7.554,0.0,-8.952,0.0,-7.221,0.0,-6.183,0.0,-7.653,0.0,-8.24,0.0,-6.917999999999999,-7.78125,-0.8632500000000007,1.4699999999999998,0.15600000000000058,-8.24
82,COc1cc2ncnc(Nc3cccc(-c4ncn[nH]4)c3)c2cc1OC,0.7239453183731855,7.335799871961354,52.67650580393279,1.1146924539974628,0.72,random100,-7.592,0.0,-7.589,0.0,-9.653,0.0,-7.97,0.0,-6.038,0.0,-7.3,0.0,-8.748,0.0,-6.6690000000000005,-8.201,-1.532,1.2619999999999996,0.0029999999999992255,-8.748
83,COc1cc2ncnc(Nc3cccc(Cc4cnccc4N4CCC(O)CC4)c3)c2cc1OC,0.6121709428603319,7.1142471334348505,47.389528790728384,0.613217072505168,0.4857142857142857,random100,-8.016,0.0,-8.881,0.0,-9.629,0.0,-8.598,0.0,-5.962,0.0,-8.881,0.0,-9.407,0.0,-7.4215,-8.780999999999999,-1.3594999999999988,2.9190000000000005,0.8650000000000002,-9.407
84,COc1cc2ncnc(Nc3cccc(C(C)(CO)CCN4CCCC4)c3)c2cc1OC,0.8282060131444785,7.2401001102699345,63.05599432475122,1.0778727702710331,0.5873015873015873,random100,-7.962,0.0,-7.759,0.0,-8.477,0.0,-8.05,0.0,-5.779,0.0,-7.232,0.0,-8.321,0.0,-6.5055,-8.062000000000001,-1.5565000000000015,1.4530000000000003,0.2029999999999994,-8.321
85,COc1cc2ncnc(Nc3cccc(Cc4ccnn4-c4cnn(C)c4)c3)c2cc1OC,0.890012574471812,7.481266751714686,69.28030015042971,0.798274838877931,0.5076923076923077,random100,-7.806,0.0,-8.954,0.0,-8.961,0.0,-8.591,0.0,-5.798,0.0,-7.855,0.0,-9.732,0.0,-6.8265,-8.578000000000001,-1.751500000000001,2.0570000000000004,1.1480000000000006,-9.732
86,COc1cc2ncnc(Nc3cccc(C(O)(CO)CCCN4CCCC4)c3)c2cc1OC,0.8558864523591436,7.152002135062292,69.61041443960488,0.914488269648729,0.5692307692307692,random100,-7.583,0.0,-6.887,0.0,-9.314,0.0,-7.344,0.0,-5.531,0.0,-7.478,0.0,-8.258,0.0,-6.5045,-7.782,-1.2774999999999999,1.947,0.6960000000000006,-8.258
87,COc1cc2ncnc(Nc3c(C)cccc3Cl)c2cc1OCC1CCN(C)CCN1,0.6564323282554715,6.507741737386461,61.1084917015395,0.2997563267764478,0.5974025974025974,random100,-8.431,0.0,-8.454,0.0,-8.879,0.0,-8.768,0.0,-5.737,0.0,-7.974,0.0,-7.311,0.0,-6.8555,-8.633,-1.777499999999999,2.237,0.023000000000001464,-7.311
88,COc1cc2ncnc(Nc3cccc(-c4n[nH]c(=O)[nH]4)c3)c2cc1OC1CCN(C)CC1,0.7947687513155088,7.315766819416605,64.35906719765806,0.3787186353722894,0.6,random100,-8.36,0.0,-8.414,0.0,-10.32,0.0,-8.337,0.0,-6.77,0.0,-8.295,0.0,-8.86,0.0,-7.5325,-8.85775,-1.3252499999999996,1.5250000000000004,0.05400000000000027,-8.86
89,COc1cc2ncnc(Nc3cccc(Cc4ccnc(F)c4)c3)c2cc1OC,0.8743996359555903,7.476038570613208,66.28674657676785,0.813211407927321,0.660377358490566,random100,-7.705,0.0,-8.292,0.0,-10.53,0.0,-8.536,0.0,-6.588,0.0,-7.79,0.0,-9.5,0.0,-7.189,-8.76575,-1.5767500000000005,1.202,0.5869999999999997,-9.5
90,COc1cc2ncnc(Nc3cccc(C(CO)(C(F)(F)F)C(F)(F)F)c3)c2cc1OC,0.8868209436381649,7.659455717085224,64.58062644991244,1.184225477331226,0.75,random100,-8.211,0.0,-8.037,0.0,-8.347,0.0,-8.177,0.0,-6.116,0.0,-7.719,0.0,-8.142,0.0,-6.9175,-8.193,-1.2754999999999992,1.6030000000000006,0.1739999999999995,-8.142
91,COc1cc2ncnc(Nc3cccc(-c4ccccc4F)c3F)c2cc1OC,0.8153229020340828,6.78650223187987,74.76919273265548,1.2042458902865434,0.7659574468085106,random100,-8.625,0.0,-8.847,0.0,-9.553,0.0,-8.787,0.0,-6.592,0.0,-8.259,0.0,-9.708,0.0,-7.4254999999999995,-8.953000000000001,-1.5275000000000016,1.6670000000000007,0.22199999999999953,-9.708
92,COc1cc2ncnc(Nc3ccc(Oc4ccccc4)cc3)c2cc1OC,0.630389374187418,6.849099289004063,49.60777985015528,1.2788346799773451,0.8048780487804879,random100,-7.61,0.0,-7.988,0.0,-9.534,0.0,-8.041,0.0,-6.325,0.0,-7.608,0.0,-9.008,0.0,-6.9665,-8.29325,-1.3267500000000005,1.2829999999999995,0.3780000000000001,-9.008
93,COc1cc2ncnc(Nc3cccc(C(=O)CCc4ccccn4)c3)c2cc1OC,0.463247731329215,6.653959402015938,38.99453794280623,1.0139278622995236,0.6190476190476191,random100,-7.407,0.0,-8.638,0.0,-9.298,0.0,-7.838,0.0,-6.216,0.0,-7.276,0.0,-9.404,0.0,-6.746,-8.295250000000001,-1.5492500000000007,1.0599999999999996,1.2309999999999999,-9.404
94,COc1cc2ncnc(Nc3cccc(Cc4ccnc(N)c4)c3)c2cc1OC,0.7594192120210902,7.427638048530146,55.35160938127189,0.7392715321142955,0.6111111111111112,random100,-8.459,0.0,-8.034,0.0,-10.67,0.0,-9.072,0.0,-6.176,0.0,-8.449,0.0,-9.512,0.0,-7.3125,-9.05875,-1.7462499999999999,2.2729999999999997,0.42499999999999893,-9.512
95,COc1cc2ncnc(Nc3cccc(-c4csc(CCO)n4)c3)c2cc1OC,0.7378831437763715,6.352768403465342,69.64201330446609,0.9905122649581214,0.640625,random100,-7.917,0.0,-7.892,0.0,-9.064,0.0,-7.776,0.0,-6.054,0.0,-7.573,0.0,-8.821,0.0,-6.8135,-8.16225,-1.34875,1.5190000000000001,0.024999999999999467,-8.821
96,CNC(=O)C(C)(CC#N)c1cccc(Nc2ncnc3cc(OC)c(OC)cc23)c1,0.8508107179226352,7.3012481760030195,66.87149900908557,0.7122973256206281,0.5967741935483871,random100,-7.706,0.0,-7.662,0.0,-8.795,0.0,-7.313,0.0,-5.898,0.0,-7.281,0.0,-6.535,0.0,-6.589499999999999,-7.869,-1.2795000000000005,1.383,0.04400000000000048,-6.535
97,COc1cc2ncnc(Nc3cccc(CCC(=O)O)c3)c2cc1OC,0.7828808676936664,6.837109138244048,64.13701979049152,0.935864276011156,0.64,random100,-7.163,0.0,-7.204,0.0,-9.019,0.0,-7.325,0.0,-5.617,0.0,-7.002,0.0,-8.59,0.0,-6.3095,-7.6777500000000005,-1.3682500000000006,1.3849999999999998,0.04099999999999948,-8.59
98,COc1cc2ncnc(Nc3cccc(C(C)(C)Nc4ccc(S(N)(=O)=O)cc4)c3)c2cc1OC,0.8549286678605902,7.551448017960452,62.74608114881652,0.7988745953998374,0.6166666666666667,random100,-8.574,0.0,-7.265,0.0,-9.141,0.0,-7.369,0.0,-6.372,0.0,-7.875,0.0,-8.612,0.0,-7.1235,-8.08725,-0.9637499999999992,1.5030000000000001,1.3090000000000002,-8.612
99,CCCS(=O)(=O)Nc1cccc(C(C)(F)c2cccc(Nc3ncnc4cc(OC)c(OC)cc34)c2)c1,0.8402663678603359,7.6662359446907615,62.07250158131141,0.5737538039168821,0.6610169491525424,random100,-8.563,0.0,-8.126,0.0,-9.422,0.0,-8.14,0.0,-6.472,0.0,-8.721,0.0,-8.655,0.0,-7.596500000000001,-8.562750000000001,-0.9662500000000005,2.2489999999999997,0.43700000000000117,-8.655
100,COc1cc2ncnc(Nc3cccc(C(C)(C)OCc4ccccc4)c3)c2cc1OC,0.6266956749276988,7.383657735818042,45.66998288462229,1.251947601228897,0.6607142857142857,random100,-7.859,0.0,-7.272,0.0,-9.547,0.0,-8.897,0.0,-6.37,0.0,-7.55,0.0,-8.741,0.0,-6.96,-8.39375,-1.4337500000000007,1.1799999999999997,0.5869999999999997,-8.741
101,COc1cc2ncnc(Nc3cccc(C(CO)CNC(=O)Nc4ccccc4)c3)c2cc1OC,0.7069706384165263,6.384716177902729,67.58716796645675,0.5169945153632375,0.6153846153846154,random100,-8.394,0.0,-8.399,0.0,-9.926,0.0,-7.744,0.0,-6.325,0.0,-7.87,0.0,-9.936,0.0,-7.0975,-8.61575,-1.51825,1.545,0.004999999999999005,-9.936
102,COc1cc2ncnc(Nc3cccc(-c4nc5cc(Cl)ccc5o4)c3)c2cc1OC,0.7641030051960556,7.374218785390631,55.47027995442318,1.2970420456918252,0.6727272727272727,random100,-8.092,0.0,-9.348,0.0,-9.45,0.0,-8.362,0.0,-6.467,0.0,-8.3,0.0,-9.25,0.0,-7.3835,-8.813,-1.4295000000000009,1.833000000000001,1.2560000000000002,-9.25
103,COc1cc2ncnc(Nc3ccc(Cl)c(Cl)c3)c2cc1NC(=O)Nc1ccccc1,0.8117740336835201,7.061861748031353,64.22046982773801,0.8530002742711948,0.6438356164383562,random100,-8.492,0.0,-8.345,0.0,-10.01,0.0,-8.4,0.0,-6.877,0.0,-8.099,0.0,-8.394,0.0,-7.4879999999999995,-8.81175,-1.3237500000000004,1.2220000000000004,0.14700000000000024,-8.394
104,COc1cc2ncnc(Nc3cccc(C(CO)c4cccc(N(C)C)c4)c3)c2cc1Cl,0.7606857478244886,6.586630330638707,67.9413207827639,0.7539125245268964,0.5466666666666666,random100,-7.962,0.0,-8.068,0.0,-9.203,0.0,-8.181,0.0,-6.255,0.0,-7.71,0.0,-9.025,0.0,-6.9825,-8.3535,-1.3710000000000004,1.455,0.10599999999999987,-9.025
105,CNCCOCc1cccc(Nc2ncnc3cc(OC)c(OC)cc23)c1,0.8472687762411961,7.717646903777321,59.93228223048258,0.8745959279937454,0.6111111111111112,random100,-6.801,0.0,-6.678,0.0,-8.007,0.0,-6.806,0.0,-5.055,0.0,-6.681,0.0,-6.892,0.0,-5.868,-7.0729999999999995,-1.2049999999999992,1.6260000000000003,0.12300000000000022,-6.892
106,CCC(=O)c1c(O)cccc1Nc1ncnc2cc(OC)c(OC)cc12,0.469691456618829,6.415156995841887,41.15608990797063,0.985975522879595,0.5636363636363636,random100,-7.535,0.0,-6.97,0.0,-7.257,0.0,-6.93,0.0,-5.67,0.0,-6.98,0.0,-7.095,0.0,-6.325,-7.173,-0.8479999999999999,1.3100000000000005,0.5650000000000004,-7.095
107,COc1cc2ncnc(Nc3cccc(OC(C)C)c3)c2cc1OC,0.62890548616086,6.759200487568184,50.282798293039626,1.2139793746050531,0.6875,random100,-6.772,0.0,-6.801,0.0,-8.63,0.0,-7.051,0.0,-5.704,0.0,-6.97,0.0,-8.168,0.0,-6.337,-7.313500000000001,-0.9765000000000015,1.266,0.028999999999999915,-8.168
108,CCc1cccc(C(F)(F)F)c1CC(C)(F)c1cccc(Nc2ncnc3cc(OC)c(OC)cc23)c1,0.4659766397994119,7.01496919981573,37.070424034150754,1.0236211421171282,0.6666666666666666,random100,-9.108,0.0,-8.303,0.0,-8.571,0.0,-8.205,0.0,-6.198,0.0,-8.225,0.0,-8.84,0.0,-7.2115,-8.54675,-1.3352499999999994,2.0269999999999992,0.8049999999999997,-8.84
109,CCCS(=O)(=O)c1ccccc1C(C)(F)c1cccc(Nc2ncnc3cc(OC)c(OC)cc23)c1,0.8616037839073867,7.3141724529506815,69.53394487852424,0.6705147309931574,0.6290322580645161,random100,-7.993,0.0,-7.92,0.0,-8.711,0.0,-8.004,0.0,-6.461,0.0,-8.151,0.0,-8.758,0.0,-7.306,-8.157,-0.851,1.6899999999999995,0.0730000000000004,-8.758
110,COc1cc2ncnc(Nc3cccc(Cl)c3)c2cc1C(F)(F)F,0.8229553999880037,7.485380386392309,59.564955625194045,1.3423757412421442,0.7708333333333334,random100,-8.105,0.0,-8.598,0.0,-9.408,0.0,-8.27,0.0,-6.811,0.0,-7.71,0.0,-8.985,0.0,-7.2605,-8.59525,-1.3347499999999997,0.899,0.4930000000000003,-8.985
111,COc1cc2ncnc(Nc3cccc(C(CO)Cc4cc(F)ccc4F)c3)c2cc1OC,0.7940949329808376,7.363875219239134,61.62981594931234,0.4831025796394101,0.6271186440677966,random100,-8.384,0.0,-8.751,0.0,-9.86,0.0,-8.513,0.0,-6.898,0.0,-8.445,0.0,-9.645,0.0,-7.6715,-8.876999999999999,-1.205499999999999,1.5470000000000006,0.3669999999999991,-9.645
112,COCC(COC)c1cccc(Nc2ncnc3cc(OC)c(OC)cc23)c1,0.6849464014227994,7.5216962114182895,48.73867774507427,1.1009379164399633,0.68,random100,-7.304,0.0,-6.622,0.0,-7.921,0.0,-6.952,0.0,-5.501,0.0,-7.212,0.0,-7.87,0.0,-6.3565000000000005,-7.19975,-0.8432499999999994,1.7109999999999994,0.6820000000000004,-7.87
113,CCOCCC(C)(F)c1cccc(Nc2ncnc3cc(OC)c(OC)cc23)c1,0.8546354344005975,7.575262829195468,61.80890058449131,1.1085856892422077,0.6964285714285714,random100,-7.537,0.0,-7.329,0.0,-8.845,0.0,-7.31,0.0,-6.134,0.0,-7.053,0.0,-8.274,0.0,-6.593500000000001,-7.755249999999999,-1.1617499999999987,0.9189999999999996,0.20800000000000018,-8.274
114,COc1cc2ncnc(Nc3cccc(C(CO)c4ccc(C(C)(C)C)cc4)c3)c2cc1OC,0.7326909919704829,6.821618906711218,63.56086876679371,0.4061001449811145,0.5737704918032787,random100,-8.483,0.0,-8.241,0.0,-9.119,0.0,-8.216,0.0,-6.319,0.0,-8.055,0.0,-8.793,0.0,-7.186999999999999,-8.51475,-1.32775,1.7359999999999998,0.24200000000000088,-8.793
115,COc1cc2ncnc(Nc3cccc(Cc4cnc[nH]4)c3)c2cc1OC,0.7266881076165125,7.307396192002908,53.19694866170019,0.8956548679343006,0.5892857142857143,random100,-7.268,0.0,-7.501,0.0,-9.97,0.0,-7.454,0.0,-5.836,0.0,-7.638,0.0,-8.933,0.0,-6.737,-8.04825,-1.3112499999999994,1.8019999999999996,0.23300000000000054,-8.933
116,COc1cc2ncnc(Nc3cccc(C(C)(F)F)c3)c2cc1OCc1ccccc1,0.8095470816292751,7.298922098114276,60.24512866824501,1.274202245782193,0.7090909090909091,random100,-8.285,0.0,-8.491,0.0,-9.555,0.0,-7.719,0.0,-6.701,0.0,-8.225,0.0,-9.6,0.0,-7.462999999999999,-8.5125,-1.0495,1.524,0.20599999999999952,-9.6
117,COc1cc2ncnc(Nc3cccc(C(C)(CO)C(N)=O)c3)c2cc1OC,0.7688115238707351,7.47018202735836,56.38693983716522,0.6446750597600124,0.6491228070175439,random100,-7.729,0.0,-7.63,0.0,-8.584,0.0,-7.573,0.0,-5.871,0.0,-7.489,0.0,-8.272,0.0,-6.68,-7.879,-1.1989999999999998,1.6179999999999994,0.0990000000000002,-8.272
118,COc1cc2ncnc(Nc3ccc(Cc4ccccc4F)cc3)c2cc1OC,0.6768451447119553,6.68838593790553,54.94022208106731,1.1998168450768003,0.66,random100,-7.944,0.0,-8.399,0.0,-10.32,0.0,-8.366,0.0,-6.383,0.0,-7.991,0.0,-9.536,0.0,-7.186999999999999,-8.757249999999999,-1.5702499999999997,1.6079999999999997,0.4549999999999992,-9.536
119,COc1cc2ncnc(Nc3cccc(-c4cnn(C5CCNCC5)c4)c3)c2cc1OC,0.7485735466138439,7.2563593875880334,67.68462746082486,0.081491647886664,0.6111111111111112,random100,-8.031,0.0,-8.546,0.0,-8.904,0.0,-8.094,0.0,-6.755,0.0,-7.982,0.0,-9.202,0.0,-7.3685,-8.393749999999999,-1.0252499999999989,1.2270000000000003,0.5149999999999988,-9.202
120,COc1cc2ncnc(Nc3cccc(C(CO)COCCO)c3)c2cc1OC,0.83257830987689,7.459129580432801,61.04789056595632,0.8616375514219509,0.5862068965517241,random100,-6.875,0.0,-7.025,0.0,-8.22,0.0,-7.197,0.0,-5.278,0.0,-7.191,0.0,-7.555,0.0,-6.2345,-7.32925,-1.0947500000000003,1.9130000000000003,0.15000000000000036,-7.555
121,COc1cc2ncnc(Nc3cccc(C(=O)COC(=O)c4ccccc4OC)c3)c2cc1OC,0.5355512202600886,6.470484325334682,45.69375439641089,1.0226093683427568,0.6190476190476191,random100,-7.801,0.0,-8.22,0.0,-8.927,0.0,-7.995,0.0,-5.934,0.0,-7.909,0.0,-8.974,0.0,-6.9215,-8.23575,-1.3142499999999995,1.9749999999999996,0.4190000000000005,-8.974
122,CCOc1cc2c(Nc3cccc(C(CO)c4cccc(F)c4)c3)ncnc2cc1OC,0.809833788147354,7.750838741921802,57.48664540213938,0.6703599268995143,0.7017543859649122,random100,-8.055,0.0,-8.529,0.0,-9.307,0.0,-8.352,0.0,-6.663,0.0,-8.093,0.0,-9.454,0.0,-7.378,-8.560749999999999,-1.1827499999999986,1.4299999999999997,0.4740000000000002,-9.454
123,COc1cc2ncnc(Nc3cccc(C(C)(C)CC(C)(C)CO)c3)c2cc1OC,0.7993676819601924,7.523217588469996,57.12953279171767,1.1599738833989677,0.6727272727272727,random100,-7.864,0.0,-7.274,0.0,-8.674,0.0,-8.071,0.0,-6.031,0.0,-7.241,0.0,-8.065,0.0,-6.635999999999999,-7.970749999999999,-1.3347499999999997,1.21,0.5899999999999999,-8.065
124,COc1cc2ncnc(Nc3cccc(C(CO)c4ccc(C(F)(F)F)cc4)c3)c2cc1OC,0.7600752699323693,6.809951957692554,72.21332367227812,0.3461381277100979,0.6724137931034483,random100,-8.378,0.0,-8.95,0.0,-10.32,0.0,-8.616,0.0,-6.916,0.0,-7.933,0.0,-9.411,0.0,-7.4245,-9.065999999999999,-1.6414999999999988,1.0169999999999995,0.5719999999999992,-9.411
125,COc1cc2ncnc(Nc3cccc(C(C)(F)CCC4CCCCC4)c3)c2cc1OC,0.7782082200710745,7.722492390906968,54.544061067741886,0.775396089683187,0.6610169491525424,random100,-7.708,0.0,-8.272,0.0,-8.942,0.0,-8.222,0.0,-6.192,0.0,-7.416,0.0,-9.713,0.0,-6.804,-8.286,-1.4819999999999993,1.2240000000000002,0.5640000000000001,-9.713
126,CCc1ccc(OC)c(C(CO)c2cccc(Nc3ncnc4cc(OC)c(OC)cc34)c2)c1,0.5469227850987104,6.768557176844394,45.05121833067501,0.6345854321698193,0.5517241379310345,random100,-8.176,0.0,-7.65,0.0,-8.506,0.0,-8.191,0.0,-6.146,0.0,-8.203,0.0,-8.317,0.0,-7.1745,-8.13075,-0.9562500000000007,2.0569999999999995,0.5259999999999998,-8.317
127,CCCc1ccccc1CC(C)(F)c1cccc(Nc2ncnc3cc(OC)c(OC)cc23)c1,0.6776498614718622,6.642456766638015,55.55525990532171,1.1273323122275078,0.6842105263157895,random100,-8.252,0.0,-7.885,0.0,-9.135,0.0,-8.554,0.0,-5.824,0.0,-8.068,0.0,-9.937,0.0,-6.946,-8.4565,-1.5105000000000004,2.2439999999999998,0.3670000000000009,-9.937
128,COc1cc2ncnc(Nc3cccc(CN)c3C)c2cc1OC,0.6765132678959173,6.814966141912172,53.86313400536545,0.8147749649898773,0.6078431372549019,random100,-7.452,0.0,-7.687,0.0,-7.872,0.0,-7.826,0.0,-5.283,0.0,-7.235,0.0,-7.895,0.0,-6.259,-7.70925,-1.4502499999999996,1.952,0.23500000000000032,-7.895
129,COc1cc2ncnc(Nc3cccc(C(=O)Nc4c(C)cc(C)cc4C)c3)c2cc1OC,0.6232260671258818,6.560582423990571,51.767383125680894,1.0539553393896437,0.7068965517241379,random100,-8.351,0.0,-8.453,0.0,-9.861,0.0,-7.805,0.0,-6.094,0.0,-8.217,0.0,-9.077,0.0,-7.1555,-8.6175,-1.4619999999999997,2.123,0.10199999999999854,-9.077
130,COc1cc2ncnc(Nc3cccc(C(C)(CO)CCc4cc[nH]c4)c3)c2cc1OC,0.6934790049013401,7.478705241785493,49.56950716318239,0.9709047658367892,0.578125,random100,-7.306,0.0,-7.365,0.0,-8.793,0.0,-8.229,0.0,-6.39,0.0,-7.841,0.0,-8.166,0.0,-7.1155,-7.9232499999999995,-0.8077499999999995,1.4510000000000005,0.05900000000000016,-8.166
131,COc1cc2ncnc(Nc3cccc(C(C)COCC(N)=O)c3)c2cc1OC,0.7006269498681987,7.411841816970815,50.54642108159008,0.9042252416720508,0.5689655172413793,random100,-7.444,0.0,-7.656,0.0,-9.063,0.0,-7.575,0.0,-6.019,0.0,-7.54,0.0,-8.272,0.0,-6.7795000000000005,-7.9345,-1.1549999999999994,1.521,0.21199999999999974,-8.272
132,CCOc1cc2c(Nc3cccc(C(CO)c4ccc(Cl)cc4)c3)ncnc2cc1OC,0.6499600780294017,7.482108585494914,47.43742381355073,0.6685962934303961,0.6333333333333333,random100,-7.877,0.0,-8.051,0.0,-9.745,0.0,-8.007,0.0,-6.233,0.0,-7.831,0.0,-10.02,0.0,-7.032,-8.42,-1.388,1.5980000000000008,0.17400000000000038,-10.02
133,COc1cc2ncnc(Nc3cccc(C(C)(F)C(F)CO)c3)c2cc1OC,0.9197535905474656,7.628774899770693,73.67440426020266,0.834351854787768,0.7090909090909091,random100,-7.49,0.0,-7.692,0.0,-9.57,0.0,-7.757,0.0,-5.96,0.0,-7.302,0.0,-8.974,0.0,-6.631,-8.12725,-1.4962499999999999,1.3419999999999996,0.20199999999999996,-8.974
134,COc1cc2ncnc(Nc3cccc(C(C)(F)c4ccccc4C)c3)c2cc1OC,0.8927016325922953,7.349524635943336,75.98848399056962,1.3325715991181435,0.7222222222222222,random100,-8.615,0.0,-8.573,0.0,-10.05,0.0,-9.028,0.0,-6.921,0.0,-8.564,0.0,-9.291,0.0,-7.7425,-9.066500000000001,-1.3240000000000016,1.6429999999999998,0.041999999999999815,-9.291
135,COc1cc2ncnc(Nc3ccccc3S(=O)(=O)C(C)C)c2cc1OC,0.6687798821543139,6.2468455951837365,60.59393190547812,1.1042073679725677,0.6274509803921569,random100,-7.256,0.0,-7.029,0.0,-7.912,0.0,-8.114,0.0,-5.777,0.0,-7.757,0.0,-7.618,0.0,-6.7669999999999995,-7.57775,-0.8107500000000005,1.9799999999999995,0.2270000000000003,-7.618
136,CCOc1cc2c(Nc3cccc(C(C)(F)c4ccn(C)c4)c3)ncnc2cc1OC,0.7480451354871093,7.809663885716872,51.44133491587159,1.0621167055896164,0.6290322580645161,random100,-7.898,0.0,-7.726,0.0,-8.893,0.0,-8.519,0.0,-6.106,0.0,-7.772,0.0,-9.327,0.0,-6.939,-8.259,-1.3200000000000003,1.6660000000000004,0.1719999999999997,-9.327
137,COc1cc2ncnc(Nc3cccc(Cc4ccccn4)c3)c2cc1OC,0.3777486337491667,7.212696196748793,30.08878070410688,1.168315226502553,0.6842105263157895,random100,-7.917,0.0,-7.986,0.0,-10.16,0.0,-7.907,0.0,-6.235,0.0,-7.566,0.0,-9.386,0.0,-6.9005,-8.4925,-1.5919999999999996,1.3309999999999995,0.06899999999999995,-9.386
138,COc1cc2ncnc(Nc3cccc(C(C)(F)Cc4ccccc4)c3O)c2cc1OC,0.7143375301850708,6.88608206142101,56.013310776256496,1.184848204904028,0.6379310344827587,random100,-7.844,0.0,-8.774,0.0,-9.809,0.0,-8.648,0.0,-6.648,0.0,-8.476,0.0,-8.319,0.0,-7.562,-8.76875,-1.2067500000000004,1.8280000000000012,0.9299999999999988,-8.319
139,COc1cc2ncnc(Nc3cccc(C(CO)c4ccc(CN5CCOCC5)cc4)c3)c2cc1OC,0.7928196823730008,7.151410682937019,62.8527576748824,0.5879957971437774,0.5584415584415584,random100,-7.995,0.0,-8.256,0.0,-9.127,0.0,-8.282,0.0,-6.248,0.0,-7.939,0.0,-8.974,0.0,-7.093500000000001,-8.415,-1.3214999999999986,1.6909999999999998,0.2610000000000001,-8.974
140,CCOc1cc2c(Nc3cccc(C(CO)c4ccccc4Cl)c3)ncnc2cc1OC,0.7812467007364161,7.285620931310745,57.9491067117223,0.8600732213747537,0.5967741935483871,random100,-8.358,0.0,-7.868,0.0,-9.226,0.0,-8.393,0.0,-6.584,0.0,-8.113,0.0,-9.282,0.0,-7.3485,-8.46125,-1.1127500000000001,1.529,0.4900000000000002,-9.282
141,COc1cc2ncnc(Nc3cccc(C(C)(C)CC(C)(F)Oc4ccccc4)c3)c2cc1OC,0.863322168488493,7.287265924024806,67.29442882048767,1.361592095409672,0.6842105263157895,random100,-8.388,0.0,-6.936,0.0,-10.18,0.0,-8.745,0.0,-6.142,0.0,-7.332,0.0,-8.825,0.0,-6.737,-8.562249999999999,-1.8252499999999987,1.1899999999999995,1.452,-8.825
142,COc1cc2ncnc(Nc3cccc(C(N)=O)c3)c2cc1OCc1ccccc1,0.5041364557161803,6.384737997367971,44.27730290548472,0.8003986848326979,0.7166666666666667,random100,-8.66,0.0,-8.705,0.0,-9.356,0.0,-8.334,0.0,-6.422,0.0,-8.702,0.0,-9.146,0.0,-7.561999999999999,-8.763750000000002,-1.2017500000000023,2.2800000000000002,0.04499999999999993,-9.146
143,COc1cc2ncnc(Nc3cccc(C(C)(C)Nc4ccccc4)c3)c2cc1OC,0.8680994391584657,7.388761742188574,66.06306815541444,1.362377247582532,0.7254901960784313,random100,-8.489,0.0,-8.099,0.0,-9.875,0.0,-8.37,0.0,-6.639,0.0,-7.858,0.0,-9.024,0.0,-7.2485,-8.70825,-1.4597499999999997,1.2189999999999994,0.39000000000000057,-9.024
144,COc1cc2ncnc(Nc3cccc(C(C)(C)OC(=O)Nc4ccccc4)c3)c2cc1OC,0.7120118733278978,6.218939720356258,68.53810924362767,1.0930612896551792,0.639344262295082,random100,-8.863,0.0,-7.757,0.0,-10.56,0.0,-8.423,0.0,-6.267,0.0,-8.669,0.0,-9.274,0.0,-7.468,-8.90075,-1.4327500000000004,2.402,1.1059999999999999,-9.274
145,COCC(CO)c1cccc(Nc2ncnc3cc(OC)c(OC4CCN(C)CC4)cc23)c1,0.8326407158328407,7.493875029305007,69.38230081587649,0.3270075831360551,0.6216216216216216,random100,-7.572,0.0,-8.146,0.0,-8.481,0.0,-7.591,0.0,-5.588,0.0,-7.185,0.0,-5.135,0.0,-6.3865,-7.9475,-1.561,1.5969999999999995,0.5740000000000007,-5.135
146,COc1cc2ncnc(Nc3cccc(C(C)(F)C(=O)CO)c3)c2cc1OC,0.8527230487133924,7.411677568826097,63.59419895633982,1.2424874773544652,0.7222222222222222,random100,-7.666,0.0,-7.71,0.0,-8.94,0.0,-7.705,0.0,-5.645,0.0,-7.352,0.0,-8.804,0.0,-6.4985,-8.00525,-1.5067500000000003,1.7070000000000007,0.043999999999999595,-8.804
147,COc1cc2ncnc(Nc3cccc(C(C)(F)Cc4cc5cccnc5nc4N)c3)c2cc1OC,0.7065679486125689,7.096383857348056,55.15196117027007,0.5604374760003259,0.6,random100,-8.751,0.0,-8.333,0.0,-10.53,0.0,-9.783,0.0,-6.804,0.0,-9.179,0.0,-9.719,0.0,-7.9915,-9.34925,-1.3577499999999993,2.375,0.41799999999999926,-9.719
148,COCC(O)(CC#N)c1cccc(Nc2ncnc3cc(OC)c(OC)cc23)c1,0.8254083198401967,7.347801176841646,61.96521471624855,0.7900995822162967,0.6271186440677966,random100,-7.244,0.0,-6.782,0.0,-8.05,0.0,-7.092,0.0,-5.581,0.0,-6.85,0.0,-7.675,0.0,-6.2155000000000005,-7.292,-1.0764999999999993,1.2689999999999992,0.46199999999999974,-7.675
149,COc1cc2ncnc(Nc3cccc(C(C)(F)CCOC4CCOCC4)c3)c2cc1OCCN1CCNCC1,0.8298600872525786,7.283941460600031,90.61850179869008,0.3813120785121172,0.5581395348837209,random100,-7.581,0.0,-7.515,0.0,-9.319,0.0,-7.628,0.0,-5.238,0.0,-7.405,0.0,-8.872,0.0,-6.3215,-8.01075,-1.6892499999999995,2.167,0.06600000000000072,-8.872
150,COc1cc2ncnc(Nc3ccc(Cl)cc3)c2cc1OC,0.6163284186532412,6.509647573718693,51.73295841436631,1.2686587626210797,0.775,diverse50,-7.009,0.0,-7.632,0.0,-8.076,0.0,-7.482,0.0,-6.079,0.0,-6.774,0.0,-7.517,0.0,-6.4265,-7.5497499999999995,-1.1232499999999996,0.6950000000000003,0.6229999999999993,-7.517
151,O=C(Nc1ccccc1C(=O)O)c1cccnc1,0.5489889216352125,5.206288307695351,80.4422986282125,1.0299023578399786,0.4166666666666667,diverse50,-6.929,0.0,-7.403,0.0,-8.501,0.0,-7.6,0.0,-5.969,0.0,-7.357,0.0,-8.055,0.0,-6.663,-7.60825,-0.9452499999999997,1.388,0.4739999999999993,-8.055
152,Cc1sc(NCCN2CCOCC2)nc1-c1ccccc1,0.3542341367599585,5.23140875753731,42.92232054752053,0.6778675716685987,0.4,diverse50,-6.467,0.0,-6.948,0.0,-8.295,0.0,-6.74,0.0,-5.859,0.0,-6.35,0.0,-7.892,0.0,-6.1045,-7.112500000000001,-1.008000000000001,0.49099999999999966,0.48100000000000076,-7.892
153,Cc1c(C(=O)Nc2cccc(C(F)(F)F)c2)c(Cl)cn1C,0.5493210991438711,5.208202130688521,85.25072035634776,1.0255829959258949,0.3968253968253968,diverse50,-7.276,0.0,-8.393,0.0,-8.418,0.0,-7.236,0.0,-7.147,0.0,-6.834,0.0,-9.395,0.0,-6.9905,-7.83075,-0.8402500000000002,0.3130000000000006,1.1170000000000009,-9.395
154,CNCCc1c[nH]c2ccc(OC)cc12,0.665281111845208,5.995735481391926,66.83391286081692,0.851138164509378,0.4150943396226415,diverse50,-5.983,0.0,-6.006,0.0,-6.466,0.0,-6.104,0.0,-5.225,0.0,-5.699,0.0,-6.538,0.0,-5.462,-6.13975,-0.6777500000000005,0.4740000000000002,0.023000000000000576,-6.538
155,c1ccc(CNc2ncnc3c2cnn3-c2ccccc2)cc1,0.3833076061100238,5.736664183825244,40.4485742540037,0.6734084152034244,0.5581395348837209,diverse50,-8.37,0.0,-8.341,0.0,-9.824,0.0,-8.837,0.0,-6.196,0.0,-8.538,0.0,-9.057,0.0,-7.367,-8.843,-1.476,2.3420000000000005,0.028999999999999915,-9.057
156,Clc1ccc2[nH]c(-c3ccccc3)nc2c1,0.4380147893468136,4.756021795077974,61.62041640867698,0.9485730848080676,0.5106382978723404,diverse50,-7.321,0.0,-7.572,0.0,-8.389,0.0,-7.825,0.0,-5.86,0.0,-7.341,0.0,-7.947,0.0,-6.6005,-7.77675,-1.1762499999999996,1.4809999999999999,0.25100000000000033,-7.947
157,O=C(Nc1ccc(S(=O)(=O)Nc2ccccn2)cc1)c1nn[nH]c1Cl,0.2454145694461952,5.399767541664143,30.24331487348088,0.5751262866122198,0.4444444444444444,diverse50,-7.084,0.0,-7.606,0.0,-9.355,0.0,-7.958,0.0,-6.155,0.0,-7.462,0.0,-8.848,0.0,-6.8085,-8.00075,-1.1922499999999996,1.3069999999999995,0.5220000000000002,-8.848
158,COc1ccc(CNC(=O)c2ccc3oc4ccccc4c3c2)cc1,0.3356311142779116,5.077501160531926,42.1125781407197,1.0835225913489823,0.4406779661016949,diverse50,-7.939,0.0,-8.653,0.0,-10.52,0.0,-8.354,0.0,-6.966,0.0,-8.313,0.0,-8.913,0.0,-7.6395,-8.866499999999998,-1.2269999999999985,1.3470000000000004,0.7140000000000004,-8.913
159,O=C(Nc1ccc(Oc2ccnc(NC(=O)C3CC3)c2)cc1)Nc1ccc(Cl)c(C(F)(F)F)c1,0.7910719254488028,7.001164328678337,91.02907581073502,0.3617505948083252,0.6507936507936508,diverse50,-8.351,0.0,-8.946,0.0,-10.06,0.0,-8.202,0.0,-6.817,0.0,-8.33,0.0,-8.594,0.0,-7.5735,-8.88975,-1.3162499999999993,1.513,0.5949999999999989,-8.594
160,Clc1ccc2c(Nc3cccc(Cn4cncn4)c3)ccnc2c1,0.6366081717126906,6.047860770692335,62.68427011943114,0.610601678486817,0.4393939393939394,diverse50,-7.74,0.0,-8.225,0.0,-9.764,0.0,-7.722,0.0,-6.76,0.0,-7.5,0.0,-8.985,0.0,-7.13,-8.36275,-1.2327500000000002,0.7400000000000002,0.48499999999999943,-8.985
161,O=C(O)CCC(=O)Nc1ccc(-c2nc3cc(Cl)ccc3s2)cc1,0.5953109253607491,5.524656695790348,77.56892810432483,0.6958192852361864,0.4285714285714285,diverse50,-7.435,0.0,-7.75,0.0,-8.99,0.0,-7.309,0.0,-5.435,0.0,-7.637,0.0,-8.686,0.0,-6.536,-7.8709999999999996,-1.335,2.202,0.3150000000000004,-8.686
162,COc1cccc(C(=O)Nc2ccc(C(=O)O)cn2)c1,0.7162856907102014,6.170118664398358,76.669936301334,1.179507330465828,0.4629629629629629,diverse50,-6.918,0.0,-7.521,0.0,-7.919,0.0,-6.979,0.0,-5.59,0.0,-6.941,0.0,-8.347,0.0,-6.265499999999999,-7.33425,-1.0687500000000005,1.351,0.6029999999999998,-8.347
163,COc1cc2ncnc(Nc3cccc(C(C)(F)CC4CCOCC4)n3)c2cc1OCC1CCN(C)CC1,0.5914396370046067,6.282236757998103,54.06563314000674,0.5428398973821527,0.573170731707317,diverse50,-8.285,0.0,-8.453,0.0,-9.712,0.0,-8.611,0.0,-6.069,0.0,-7.652,0.0,-8.56,0.0,-6.8605,-8.76525,-1.90475,1.5830000000000002,0.16799999999999926,-8.56
164,O=C(Nc1cccc(C(F)(F)F)c1)c1c[nH]c(Cl)c1CN1CCN(c2ccccn2)CC1,0.5989480126742145,5.748710193216158,69.9290151815994,0.3929791770757921,0.4324324324324324,diverse50,-8.576,0.0,-9.409,0.0,-9.958,0.0,-8.013,0.0,-6.729,0.0,-7.865,0.0,-8.873,0.0,-7.297000000000001,-8.988999999999999,-1.6919999999999984,1.1360000000000001,0.8330000000000002,-8.873
165,COc1ccccc1CNC(=O)c1cccc(Nc2ncnc3cc(OC)c(OCCN4CCOCC4)cc23)c1,0.7086579477496232,6.353647790451209,63.790065908077416,0.9633624174833753,0.6627906976744186,diverse50,-8.621,0.0,-8.135,0.0,-8.858,0.0,-9.026,0.0,-6.31,0.0,-8.062,0.0,-9.511,0.0,-7.186,-8.66,-1.4740000000000002,1.7519999999999998,0.48600000000000065,-9.511
166,COc1cc2ncnc(Nc3cccc(F)c3OC)c2cc1N1CCN(C)CC1,0.5381310936101846,6.643687000904396,44.54400505132312,0.8953736539763077,0.5689655172413793,diverse50,-8.068,0.0,-7.589,0.0,-8.381,0.0,-8.289,0.0,-6.479,0.0,-7.918,0.0,-7.876,0.0,-7.1985,-8.08175,-0.8832499999999994,1.439,0.4789999999999992,-7.876
167,COc1cc2ncnc(Nc3ccc(Cl)c(F)c3C)c2cc1OCCN1CCC2=C1COC2,0.7835057803938537,7.594150151853502,55.30474586650497,1.1712960337647955,0.5679012345679012,diverse50,-8.001,0.0,-8.393,0.0,-9.244,0.0,-8.324,0.0,-6.319,0.0,-7.781,0.0,-8.742,0.0,-7.05,-8.490499999999999,-1.4404999999999992,1.4619999999999997,0.39200000000000124,-8.742
168,CN1Cc2ccccc2Oc2ccc(Nc3ccnc4cc(Cl)ccc34)cc2C1=O,0.6554948279786137,6.182471491986866,61.51838616224505,0.6914749710779177,0.410958904109589,diverse50,-8.961,0.0,-9.085,0.0,-11.07,0.0,-9.422,0.0,-7.525,0.0,-8.584,0.0,-9.08,0.0,-8.0545,-9.6345,-1.5799999999999983,1.0589999999999993,0.12400000000000055,-9.08
169,COc1ccc(NC(=O)CNC(=O)c2cccnc2)cc1,0.6071649620206278,5.539521101069036,76.8541447753725,1.0759374086770752,0.396551724137931,diverse50,-6.771,0.0,-6.925,0.0,-8.244,0.0,-6.673,0.0,-5.619,0.0,-6.553,0.0,-7.567,0.0,-6.086,-7.15325,-1.0672499999999996,0.9340000000000002,0.15399999999999991,-7.567
170,O=C(Nc1ccc(-c2nc3ccccc3s2)cc1)c1cccc(C(F)(F)F)c1,0.4596495175213362,5.150456443404195,58.39113758528792,0.4809972883304936,0.46875,diverse50,-8.318,0.0,-9.157,0.0,-10.97,0.0,-8.224,0.0,-7.614,0.0,-8.555,0.0,-9.992,0.0,-8.0845,-9.16725,-1.082749999999999,0.9409999999999998,0.8390000000000004,-9.992
171,COc1cc2ncnc(Nc3cccc(C(C)(C)CCOCCNCCC(=O)N(C)C)c3)c2cc1OC,0.8153411470873664,7.779157999685044,57.036776989247166,0.7864941268391158,0.5285714285714286,diverse50,-6.832,0.0,-6.866,0.0,-7.694,0.0,-7.188,0.0,-5.722,0.0,-7.067,0.0,-7.443,0.0,-6.394500000000001,-7.145,-0.7504999999999988,1.3449999999999998,0.03399999999999981,-7.443
172,COc1cc2ncnc(Nc3ccc(-c4nnco4)cc3NC(=O)CC3CCN(C)CC3)c2cc1OC,0.7081740162311332,6.824351021749022,63.12578225969197,0.2688790506300315,0.5060240963855421,diverse50,-7.836,0.0,-7.508,0.0,-9.182,0.0,-7.659,0.0,-5.958,0.0,-7.945,0.0,-5.159,0.0,-6.9515,-8.04625,-1.0947500000000003,1.987,0.3280000000000003,-5.159
173,CCOc1cc2c(Nc3cccc(-c4cnn(C5CCNCC5)c4)c3)ncnc2cc1OC,0.679538281262485,7.188652325117254,56.50260605368914,0.1984881781059924,0.5797101449275363,diverse50,-7.934,0.0,-8.809,0.0,-8.962,0.0,-8.157,0.0,-6.607,0.0,-8.115,0.0,-8.856,0.0,-7.361000000000001,-8.465499999999999,-1.104499999999998,1.508,0.8749999999999991,-8.856
174,COc1cc2ncnc(Nc3cccc(C(CO)c4csc(N5CCCC5)n4)c3)c2cc1OC,0.7542134547805497,7.222791335211201,57.74176462279115,0.6022001172861842,0.4864864864864865,diverse50,-8.152,0.0,-8.071,0.0,-9.093,0.0,-7.598,0.0,-6.121,0.0,-7.889,0.0,-8.767,0.0,-7.005000000000001,-8.2285,-1.2234999999999996,1.7679999999999998,0.08099999999999952,-8.767
175,COc1cc2ncnc(Nc3cccc(COCc4cn(Cc5ccccc5F)nn4)c3)c2cc1OC,0.681391910178857,7.144856070197398,51.12688223961578,0.8715408703244019,0.550561797752809,diverse50,-7.882,0.0,-7.304,0.0,-9.78,0.0,-8.621,0.0,-6.489,0.0,-8.337,0.0,-9.527,0.0,-7.413,-8.39675,-0.9837500000000006,1.8479999999999999,0.5779999999999994,-9.527
176,O=C(Nc1ccc(S(=O)(=O)Nc2ncccn2)cc1)c1ccc(S(=O)(=O)CCOc2ccccc2Cl)cc1,0.2419936398699615,5.179676233841073,32.9005723775047,0.341638341581602,0.4084507042253521,diverse50,-7.907,0.0,-7.628,0.0,-10.43,0.0,-8.13,0.0,-5.818,0.0,-7.977,0.0,-8.234,0.0,-6.8975,-8.52375,-1.6262499999999998,2.1590000000000007,0.2789999999999999,-8.234
177,COc1cc2ncnc(Nc3cccc(-c4n[nH]cc4NC(=O)c4cccs4)c3)c2cc1OC,0.391204484040513,7.27170060279952,32.06014712178549,0.4757699387693949,0.5373134328358209,diverse50,-8.259,0.0,-8.614,0.0,-8.868,0.0,-8.403,0.0,-6.424,0.0,-7.824,0.0,-9.366,0.0,-7.1240000000000006,-8.536,-1.411999999999999,1.3999999999999995,0.3550000000000004,-9.366
178,COc1cc2ncnc(Nc3cccc(C(C)(C)C)c3)c2c(OC)c1OC,0.8970497554340497,7.6554058686853,66.05840385589546,1.1490582262808222,0.72,diverse50,-7.707,0.0,-6.864,0.0,-8.358,0.0,-7.347,0.0,-5.816,0.0,-6.873,0.0,-8.187,0.0,-6.3445,-7.569000000000001,-1.2245000000000008,1.0570000000000004,0.843,-8.187
179,O=C(Nc1sc2nccnc2c1C(=O)Nc1cccc(C(F)(F)F)c1)c1ccccc1F,0.6750797302640147,5.953633773708685,72.36775714540116,0.8580905050160316,0.4558823529411764,diverse50,-8.962,0.0,-9.013,0.0,-9.481,0.0,-8.911,0.0,-7.459,0.0,-9.053,0.0,-6.9,0.0,-8.256,-9.091750000000001,-0.8357500000000009,1.5940000000000012,0.051000000000000156,-6.9
180,O=C(O)c1cccc(-c2cccnc2)c1,0.5727039626373783,5.34250465902323,84.2781142675279,1.2174137519462425,0.4047619047619047,diverse50,-6.719,0.0,-7.061,0.0,-7.796,0.0,-6.977,0.0,-5.676,0.0,-6.505,0.0,-7.726,0.0,-6.0905000000000005,-7.13825,-1.0477499999999997,0.8289999999999997,0.34199999999999964,-7.726
181,COc1cc2ncnc(Nc3ccccc3OCCN(C)C)c2cc1OCC1CCCCC1,0.5821976981427139,6.228321391546006,53.62531150265993,0.5722999177345305,0.5394736842105263,diverse50,-7.387,0.0,-7.314,0.0,-8.223,0.0,-7.688,0.0,-5.788,0.0,-7.81,0.0,-8.594,0.0,-6.7989999999999995,-7.653,-0.8540000000000001,2.0219999999999994,0.07299999999999951,-8.594
182,COc1cc2ncnc(Nc3ccc(Oc4ccnc(NC(=O)C5CC5)c4)cc3F)c2cc1OC,0.7621713349828518,6.446959932105767,81.57981668994003,1.0408897229387275,0.5384615384615384,diverse50,-8.412,0.0,-8.016,0.0,-9.5,0.0,-7.741,0.0,-6.207,0.0,-7.842,0.0,-8.669,0.0,-7.0245,-8.41725,-1.3927499999999995,1.6349999999999998,0.3960000000000008,-8.669
183,COc1cc(Cc2cccc(Nc3ncnc4cc(OC)c(-c5ccncc5)cc34)c2)cc(OC)c1,0.614063147103177,6.817933022871531,48.65163389580884,1.0422757590865748,0.5084745762711864,diverse50,-8.641,0.0,-7.991,0.0,-8.952,0.0,-8.797,0.0,-7.194,0.0,-8.387,0.0,-8.108,0.0,-7.7905,-8.59525,-0.8047500000000003,1.1930000000000005,0.6500000000000004,-8.108
184,O=C(Nc1ccc(Cl)c(C(F)(F)F)c1)c1ccncc1,0.64218418656367,5.796367220153588,82.03490400403285,0.6975682195081816,0.4745762711864407,diverse50,-7.56,0.0,-7.66,0.0,-8.544,0.0,-7.255,0.0,-6.278,0.0,-6.919,0.0,-9.197,0.0,-6.5985,-7.75475,-1.15625,0.641,0.10000000000000053,-9.197
185,COc1cc2ncnc(NC3CCN(CCN4CCOCC4)CC3)c2cc1OC1CCN(C)CC1,0.7470401558091563,6.776485278501268,61.13343349750038,0.8180400056495164,0.5492957746478874,diverse50,-7.302,0.0,-7.583,0.0,-9.362,0.0,-7.641,0.0,-5.824,0.0,-7.225,0.0,-7.718,0.0,-6.5245,-7.9719999999999995,-1.4474999999999998,1.4009999999999998,0.2810000000000006,-7.718
186,COc1cc2ncnc(Nc3cccc(C4=CN=NN5C=CC=CC=C4C5)c3)c2cc1OC,0.745695785723461,7.024517201040344,57.3841564167723,0.9040969229187252,0.5538461538461539,diverse50,-9.179,0.0,-9.171,0.0,-9.755,0.0,-9.224,0.0,-7.319,0.0,-8.994,0.0,-9.641,0.0,-8.1565,-9.332250000000002,-1.1757500000000025,1.6749999999999998,0.008000000000000895,-9.641
187,COc1cc2ncnc(Nc3cccc(C(C)(F)Cc4nc5c(N)ncnc5nc4C)c3)c2cc1OC,0.9219531832446992,7.670295100258665,79.1862930157711,0.7866078151835868,0.5909090909090909,diverse50,-8.262,0.0,-8.286,0.0,-9.589,0.0,-9.249,0.0,-6.575,0.0,-8.413,0.0,-8.251,0.0,-7.494,-8.8465,-1.352500000000001,1.838,0.023999999999999133,-8.251
188,COCC(Cc1n[nH]c2ccccc12)c1cccc(Nc2ncnc3cc(OC)c(OC)cc23)c1,0.5725761913721156,7.306562358729653,42.59646381920217,0.9387533797868288,0.5230769230769231,diverse50,-8.251,0.0,-8.666,0.0,-9.649,0.0,-9.086,0.0,-6.504,0.0,-9.035,0.0,-9.923,0.0,-7.7695,-8.913,-1.1435000000000004,2.5310000000000006,0.4150000000000009,-9.923
189,COc1cc2ncnc(Nc3cccc(-c4csc(C)n4)c3)c2cc1OC1CCOCC1,0.7671984137408059,6.64370633056417,66.01047334045091,1.1639341228895754,0.6521739130434783,diverse50,-8.552,0.0,-8.119,0.0,-9.654,0.0,-7.993,0.0,-6.348,0.0,-7.939,0.0,-9.008,0.0,-7.1434999999999995,-8.5795,-1.436,1.5910000000000002,0.43299999999999983,-9.008
190,COc1cc2ncnc(Nc3cccc(OC)c3COc3cccc(NS(C)(=O)=O)c3)c2cc1OC,0.7873138563083548,6.89552022048275,65.58451926021633,0.6745266900569157,0.5161290322580645,diverse50,-7.595,0.0,-7.468,0.0,-9.127,0.0,-7.476,0.0,-5.845,0.0,-7.851,0.0,-9.554,0.0,-6.848,-7.916499999999999,-1.0684999999999993,2.0060000000000002,0.12699999999999978,-9.554
191,COc1cc2ncnc(Nc3cccc(C(=O)COCCc4cccc(C#N)c4)c3)c2cc1OC,0.7374878642773663,6.64132038094635,62.80200565997514,0.746595529654421,0.640625,diverse50,-7.543,0.0,-7.101,0.0,-9.067,0.0,-7.368,0.0,-5.423,0.0,-7.737,0.0,-9.529,0.0,-6.58,-7.76975,-1.18975,2.314,0.44200000000000017,-9.529
192,COc1cc2ncnc(Nc3cccc(-c4cnco4)c3O)c2cc1OC,0.8254770314915716,6.929176727717253,69.38980277289032,1.124391282886495,0.5344827586206896,diverse50,-7.12,0.0,-7.362,0.0,-9.228,0.0,-7.365,0.0,-6.116,0.0,-7.117,0.0,-8.508,0.0,-6.6165,-7.768750000000001,-1.1522500000000004,1.0010000000000003,0.242,-8.508
193,COc1cc2ncnc(Nc3cccc(C4CCN4CCC(C)(C)C#N)c3)c2cc1OC,0.6543173846681021,7.234777307688811,48.68416937621526,0.8138110003121133,0.5373134328358209,diverse50,-7.494,0.0,-6.938,0.0,-7.942,0.0,-7.392,0.0,-5.857,0.0,-7.33,0.0,-8.054,0.0,-6.593500000000001,-7.4415,-0.847999999999999,1.4729999999999999,0.556,-8.054
194,COc1cc2ncnc(Nc3cccc(C(O)(CO)c4ccccc4-c4ccc(C)c(C)c4)c3)c2cc1OC,0.8962090735389967,7.40225830609225,73.88544670746651,0.8727635640852259,0.5522388059701493,diverse50,-8.002,0.0,-7.777,0.0,-9.7,0.0,-8.663,0.0,-5.627,0.0,-8.658,0.0,-10.06,0.0,-7.1425,-8.535499999999999,-1.392999999999999,3.0309999999999997,0.22500000000000053,-10.06
195,CCOc1cc2c(Nc3cccc(C(C)(C)OC)c3C)ncnc2cc1OC,0.4995354285608037,7.278258500837794,37.995340376268544,1.3069939815307745,0.5862068965517241,diverse50,-7.213,0.0,-6.794,0.0,-7.908,0.0,-6.994,0.0,-5.615,0.0,-7.258,0.0,-7.799,0.0,-6.4365000000000006,-7.22725,-0.7907499999999992,1.6429999999999998,0.4190000000000005,-7.799
196,COc1cccc(Nc2ncnc3cc(OC)c(OC)nc23)c1,0.719360845931322,6.861857209716492,56.74141951480437,1.213629724226654,0.5918367346938775,diverse50,-7.3,0.0,-7.304,0.0,-7.993,0.0,-7.362,0.0,-5.417,0.0,-7.122,0.0,-7.69,0.0,-6.2695,-7.489750000000001,-1.220250000000001,1.705,0.004000000000000448,-7.69
197,COc1cc2ncnc(Nc3ccc(Oc4ccccc4)cc3)c2cc1OCC1CCN(CC(=O)N2CCN(C)CC2)CC1,0.5660837716986822,7.057004420015705,45.86678245689728,0.40973703810725,0.5662650602409639,diverse50,-8.253,0.0,-8.575,0.0,-11.17,0.0,-9.166,0.0,-7.116,0.0,-8.114,0.0,-7.641,0.0,-7.615,-9.291,-1.6760000000000002,0.9980000000000011,0.3219999999999992,-7.641
198,COc1cc2ncnc(Nc3cccc(-c4cnc(NCC(=O)O)nc4N)c3)c2cc1OC,0.8225944664357046,7.011838323011065,68.24920433023647,0.7361404125849851,0.578125,diverse50,-7.847,0.0,-8.259,0.0,-9.38,0.0,-8.196,0.0,-6.352,0.0,-7.835,0.0,-8.571,0.0,-7.093500000000001,-8.4205,-1.327,1.4829999999999997,0.4119999999999999,-8.571
199,COc1cc2ncnc(Nc3cccc(-c4cnnn4-c4cccc(C(F)(F)F)c4)c3)c2cc1OC,0.6946508758596376,6.480899763955738,59.513116784442005,1.0452396549273952,0.6721311475409836,diverse50,-9.079,0.0,-8.318,0.0,-10.27,0.0,-7.944,0.0,-7.233,0.0,-8.326,0.0,-9.91,0.0,-7.7795000000000005,-8.90275,-1.1232499999999987,1.0930000000000009,0.761000000000001,-9.91
