mol_idx,smiles,reward,EGFR,Stab,Perm,EGFR_sim,sampling_group,2ITY_WT_cnn_aff,2ITY_WT_cnn_aff_std,2ITY_WT_cnn_pose,4WKQ_WT_cnn_aff,4WKQ_WT_cnn_aff_std,4WKQ_WT_cnn_pose,4HJO_inactive_cnn_aff,4HJO_inactive_cnn_aff_std,4HJO_inactive_cnn_pose,4I23_WT_cnn_aff,4I23_WT_cnn_aff_std,4I23_WT_cnn_pose,4G5J_T790M_cnn_aff,4G5J_T790M_cnn_aff_std,4G5J_T790M_cnn_pose,4ZAU_T790M_cnn_aff,4ZAU_T790M_cnn_aff_std,4ZAU_T790M_cnn_pose,5D41_allosteric_cnn_aff,5D41_allosteric_cnn_aff_std,5D41_allosteric_cnn_pose,T790M_avg_aff,WT_avg_aff,selectivity_T790M_vs_WT,T790M_cross_pdb_diff,WT_cross_pdb_diff,allosteric_aff
0,COc1cc2ncnc(Nc3cccc(C(C)(F)c4cc(F)cc(C(F)(F)F)c4)c3)c2cc1OC,0.9758075954955808,8.314696726770364,71.56320250706248,1.1254149609047397,0.7735849056603774,top50,7.324,0.0,0.5327,7.129,0.0,0.3742,7.641,0.0,0.7972,7.246,0.0,0.6046,6.263,0.0,0.558,7.24,0.0,0.7334,7.524,0.0,0.3331,6.7515,7.335000000000001,-0.5835000000000008,0.9770000000000003,0.19500000000000028,7.524
1,CNCCOCCC(C)(C)c1cccc(Nc2ncnc3cc(OC)c(OC)cc23)c1,0.958558044794288,8.032975241511883,72.70875920220492,0.9160817039081852,0.6271186440677966,top50,7.133,0.0,0.6634,7.02,0.0,0.7965,7.425,0.0,0.8271,7.171,0.0,0.717,6.325,0.0,0.6752,6.901,0.0,0.6596,7.552,0.0,0.5159,6.6129999999999995,7.18725,-0.5742500000000001,0.5759999999999996,0.11300000000000043,7.552
2,COc1cc2ncnc(Nc3cccc(C(F)(F)F)c3)c2cc1OC,0.9535558272424872,7.938516015889951,73.79057485526974,1.104663936336194,1.0,top50,6.896,0.0,0.9562,7.106,0.0,0.9849,6.949,0.0,0.935,6.789,0.0,0.9452,5.803,0.0,0.544,6.624,0.0,0.9219,6.901,0.0,0.6333,6.2135,6.9350000000000005,-0.7215000000000007,0.8209999999999997,0.20999999999999996,6.901
3,COc1cc2ncnc(Nc3cccc(C(C)(F)CCC4CC4)c3)c2cc1OC,0.953439930164242,7.930957599188412,78.08323724608475,0.981020598161378,0.6964285714285714,top50,7.108,0.0,0.7502,6.922,0.0,0.6439,7.633,0.0,0.9466,6.915,0.0,0.6652,6.428,0.0,0.7627,7.143,0.0,0.8325,7.314,0.0,0.5032,6.7855,7.1445,-0.359,0.7149999999999999,0.18599999999999994,7.314
4,COc1cc2ncnc(Nc3cccc(C(C)(F)c4cccc(F)c4)c3)c2cc1OC,0.9529152752692124,7.961319985767187,72.19559975964695,1.2729282484296798,0.7755102040816326,top50,7.063,0.0,0.7414,6.923,0.0,0.7698,7.552,0.0,0.8858,7.402,0.0,0.7919,6.536,0.0,0.7902,7.255,0.0,0.9156,7.438,0.0,0.49,6.8955,7.235,-0.33950000000000014,0.7190000000000003,0.13999999999999968,7.438
5,CNCCC(C)(C)c1cccc(Nc2ncnc3cc(OC)c(OC)cc23)c1,0.9521502208583134,7.93671638514922,74.13526618838641,0.9016010828095506,0.6851851851851852,top50,6.904,0.0,0.7566,6.999,0.0,0.775,6.982,0.0,0.6688,6.902,0.0,0.7743,6.124,0.0,0.5365,7.005,0.0,0.8658,7.423,0.0,0.5843,6.5645,6.94675,-0.38225,0.8810000000000002,0.09499999999999975,7.423
6,COc1cc2ncnc(Nc3cccc(C(C)(C)Nc4cc(C(F)(F)F)ccn4)c3)c2cc1OC,0.9494288742726408,8.101017247857536,68.41567949622247,0.9693035428164216,0.7636363636363637,top50,7.322,0.0,0.572,7.245,0.0,0.4127,8.046,0.0,0.9039,7.564,0.0,0.8167,6.707,0.0,0.5246,7.411,0.0,0.8275,7.625,0.0,0.3439,7.058999999999999,7.54425,-0.4852500000000006,0.7039999999999997,0.07699999999999996,7.625
7,COc1cc2ncnc(Nc3cccc(C(C)(F)c4cccc(N)n4)c3)c2cc1OC,0.949151403250969,7.92094233431148,75.03982524905204,0.85157372727426,0.6964285714285714,top50,7.334,0.0,0.453,7.61,0.0,0.8708,7.918,0.0,0.9811,7.118,0.0,0.7973,6.692,0.0,0.6894,7.273,0.0,0.8356,7.674,0.0,0.5327,6.9825,7.494999999999999,-0.5124999999999993,0.5809999999999995,0.2760000000000007,7.674
8,COc1cc2ncnc(Nc3cccc(C(O)(CO)c4ccccc4F)c3)c2cc1OC,0.948474013655374,7.893660531406166,78.09273773849216,0.8931890979935163,0.6440677966101694,top50,7.571,0.0,0.8076,6.895,0.0,0.8084,7.299,0.0,0.8519,7.642,0.0,0.9514,6.319,0.0,0.6786,7.332,0.0,0.9396,7.586,0.0,0.6507,6.8255,7.35175,-0.5262500000000001,1.013,0.6760000000000002,7.586
9,COc1cc2ncnc(Nc3cccc(C(C)(F)c4cccc(C(F)(F)F)c4)c3)c2cc1OC,0.9472118171712542,7.911424158976331,71.58556629737917,1.1463993528634615,0.8936170212765957,top50,7.339,0.0,0.7568,7.076,0.0,0.4791,7.346,0.0,0.6901,7.135,0.0,0.7938,6.49,0.0,0.5976,7.121,0.0,0.7077,7.444,0.0,0.3179,6.8055,7.224,-0.41849999999999987,0.6310000000000002,0.2630000000000008,7.444
10,COc1cc2ncnc(Nc3cccc(C(C)(F)CC4CN(C)C4)c3)c2cc1OC,0.9465041892698433,7.955740492452324,71.26097871074256,0.8506376439998886,0.6610169491525424,top50,6.758,0.0,0.7196,6.872,0.0,0.6956,7.482,0.0,0.7917,6.96,0.0,0.7248,6.876,0.0,0.7441,6.912,0.0,0.8833,7.592,0.0,0.6184,6.894,7.018,-0.12399999999999967,0.03599999999999959,0.11399999999999988,7.592
11,COc1cc2ncnc(Nc3cccc(C(F)(F)F)c3)c2cc1OCc1cc(F)cc(Cl)c1,0.9450952635146465,7.902246636876797,71.14542446689097,0.9798183551259152,0.7368421052631579,top50,7.29,0.0,0.8238,7.664,0.0,0.9446,7.496,0.0,0.7887,7.166,0.0,0.8945,6.693,0.0,0.4804,7.548,0.0,0.89,7.963,0.0,0.679,7.1205,7.404000000000001,-0.283500000000001,0.8550000000000004,0.37399999999999967,7.963
12,COc1cc2ncnc(Nc3cccc(C(O)(CO)c4cccc(F)c4)c3)c2cc1OC,0.9445872288712778,7.860158828693177,72.7850408974034,0.9295098090470107,0.7169811320754716,top50,7.144,0.0,0.7974,6.649,0.0,0.4045,6.896,0.0,0.75,7.518,0.0,0.8983,6.643,0.0,0.6925,7.481,0.0,0.9594,7.495,0.0,0.6595,7.061999999999999,7.05175,0.010249999999999204,0.8380000000000001,0.4950000000000001,7.495
13,COc1cc2ncnc(Nc3cccc(C(C)(C)CCOCC(F)(F)F)c3)c2cc1OC,0.944519243500935,7.8348925339759,73.88528819797605,1.0240400756234944,0.7142857142857143,top50,7.096,0.0,0.7393,7.017,0.0,0.5059,7.625,0.0,0.9295,7.114,0.0,0.8271,6.464,0.0,0.6098,7.318,0.0,0.8502,7.318,0.0,0.3881,6.891,7.213,-0.32200000000000006,0.8539999999999992,0.07899999999999974,7.318
14,COc1cc2ncnc(Nc3cccc(C(F)(CO)CC4CN(C)C4)c3)c2cc1OC,0.9432555814537208,7.858207292616671,74.0908835866035,0.8499362165896635,0.6290322580645161,top50,7.292,0.0,0.8093,6.974,0.0,0.6902,7.771,0.0,0.9364,7.541,0.0,0.8251,7.394,0.0,0.9138,7.085,0.0,0.8569,7.33,0.0,0.4749,7.2395,7.3945,-0.15500000000000025,0.30900000000000016,0.3179999999999996,7.33
15,COc1cc2ncnc(Nc3cccc(C(O)(CO)c4cc(F)cc(F)c4)c3)c2cc1OC,0.9431446663712184,7.837717030907125,74.57407884299629,0.8858306659713754,0.6666666666666666,top50,7.756,0.0,0.8684,7.141,0.0,0.4952,7.084,0.0,0.7681,7.291,0.0,0.9257,6.128,0.0,0.6172,7.563,0.0,0.9509,7.543,0.0,0.4516,6.8454999999999995,7.3180000000000005,-0.47250000000000103,1.4349999999999996,0.6150000000000002,7.543
16,COc1cc2ncnc(Nc3cccc(C(C)(F)Cc4c(F)cccc4F)c3)c2cc1OC,0.9424927850934194,8.054868630597545,67.7324347345687,1.1111561663402056,0.7222222222222222,top50,6.972,0.0,0.4708,7.093,0.0,0.5904,7.833,0.0,0.8962,7.25,0.0,0.761,6.753,0.0,0.6272,7.329,0.0,0.8202,7.676,0.0,0.4609,7.041,7.287000000000001,-0.24600000000000044,0.5759999999999996,0.12099999999999955,7.676
17,COc1cc2ncnc(Nc3cccc(C(C)(F)CC4CC4)c3)c2cc1OC,0.941404911801606,7.818054915750309,72.71587659470799,1.05516685792645,0.7090909090909091,top50,7.052,0.0,0.6873,7.082,0.0,0.7708,7.437,0.0,0.9406,6.641,0.0,0.7603,5.947,0.0,0.6722,7.037,0.0,0.8619,7.418,0.0,0.555,6.492,7.053000000000001,-0.5610000000000008,1.0899999999999999,0.03000000000000025,7.418
18,COc1cc2ncnc(Nc3cccc(C(C)(C)Nc4c[nH]cn4)c3)c2cc1OC,0.9412677348511214,8.074071518782452,67.61057234823349,0.8890001856071766,0.6379310344827587,top50,7.309,0.0,0.7827,6.483,0.0,0.182,7.954,0.0,0.9619,7.067,0.0,0.772,6.672,0.0,0.7293,7.12,0.0,0.8144,7.567,0.0,0.5088,6.896,7.20325,-0.3072499999999998,0.4480000000000004,0.8260000000000005,7.567
19,COc1cc2ncnc(Nc3cccc(C(C)(F)Cc4c(N)n[nH]c4C)c3)c2cc1OC,0.9408222454376286,7.93746381502037,71.98429711179847,0.7529688371522122,0.6290322580645161,top50,7.446,0.0,0.6753,7.573,0.0,0.7179,8.205,0.0,0.9462,7.354,0.0,0.5472,6.335,0.0,0.2894,7.199,0.0,0.5663,7.845,0.0,0.4721,6.7669999999999995,7.6445,-0.8775000000000004,0.8639999999999999,0.12700000000000067,7.845
20,COc1cc2ncnc(Nc3cccc(F)c3F)c2cc1OC1CCN(C)CC1,0.9404242180042396,7.852917541591351,73.42683877429327,0.8172197318341061,0.8360655737704918,top50,7.955,0.0,0.9572,7.957,0.0,0.9818,7.593,0.0,0.8911,7.872,0.0,0.9781,6.849,0.0,0.5675,7.524,0.0,0.9563,7.709,0.0,0.6171,7.1865000000000006,7.84425,-0.6577499999999992,0.6749999999999998,0.0019999999999997797,7.709
21,COc1cc2ncnc(Nc3cccc(C(C)(F)c4ccn(C(C)(C)C)c4)c3)c2cc1OC,0.939845024202849,7.793115112690704,73.20011908463965,1.0621903117136202,0.6842105263157895,top50,7.47,0.0,0.7141,6.971,0.0,0.6997,6.847,0.0,0.5908,7.269,0.0,0.7835,6.601,0.0,0.621,7.329,0.0,0.8266,7.987,0.0,0.6183,6.965,7.1392500000000005,-0.17425000000000068,0.7279999999999998,0.49899999999999967,7.987
22,COc1cc2ncnc(Nc3cccc(C(C)(F)C(F)(F)F)c3)c2cc1OC,0.93980485334107,7.802967465393416,74.47272992482021,0.8834606845823971,0.8125,top50,6.925,0.0,0.8448,6.866,0.0,0.8637,7.09,0.0,0.8995,6.854,0.0,0.8079,6.204,0.0,0.74,6.85,0.0,0.88,7.361,0.0,0.5426,6.526999999999999,6.93375,-0.4067500000000006,0.6459999999999999,0.05900000000000016,7.361
23,COc1cc2ncnc(Nc3cccc(C(C)(F)Cc4c(N)nc(N)nc4N)c3)c2cc1OC,0.9395601258134112,7.964272912959704,68.4965308928532,0.9881525848225872,0.6724137931034483,top50,7.236,0.0,0.525,6.722,0.0,0.1216,7.277,0.0,0.5123,7.085,0.0,0.5088,6.376,0.0,0.3305,7.014,0.0,0.6092,8.053,0.0,0.6209,6.695,7.08,-0.3849999999999998,0.6379999999999999,0.5139999999999993,8.053
24,COCCOCCC(C)(C)c1cccc(Nc2ncnc3cc(OC)c(OC)cc23)c1,0.9392046149934328,7.782634201344909,73.47204383674111,1.1293410392995886,0.6491228070175439,top50,7.173,0.0,0.8777,6.455,0.0,0.2033,7.479,0.0,0.8997,6.414,0.0,0.3093,6.68,0.0,0.8015,6.753,0.0,0.8044,7.376,0.0,0.4503,6.7165,6.88025,-0.16375000000000028,0.0730000000000004,0.718,7.376
25,COc1cc2ncnc(Nc3cccc(C(C)(F)c4cccc(N)c4)c3)c2cc1OC,0.9384638127333118,7.812166102819114,71.63378241330129,1.075840773701831,0.7647058823529411,top50,7.229,0.0,0.7701,7.25,0.0,0.6557,7.844,0.0,0.9349,6.977,0.0,0.641,5.775,0.0,0.424,6.93,0.0,0.7813,7.692,0.0,0.6114,6.3525,7.325,-0.9725000000000001,1.1549999999999994,0.020999999999999908,7.692
26,COc1cc2ncnc(Nc3cccc(C(C)(C)CCC4CC4)c3)c2cc1OC,0.9380953558825824,7.761578329459228,75.18140988422054,1.0301771354719682,0.6607142857142857,top50,7.352,0.0,0.6636,7.302,0.0,0.7521,7.541,0.0,0.8656,6.954,0.0,0.6973,6.462,0.0,0.7374,7.113,0.0,0.783,7.271,0.0,0.4193,6.7875,7.28725,-0.4997500000000006,0.6510000000000007,0.05000000000000071,7.271
27,COc1cc2ncnc(Nc3cccc(C(C)(F)Cc4ccncc4N)c3)c2cc1OC,0.9380653980432117,7.771077031636856,73.44426807901966,1.0570441361455716,0.639344262295082,top50,7.101,0.0,0.5555,7.208,0.0,0.3741,7.905,0.0,0.8912,6.88,0.0,0.4549,6.399,0.0,0.4614,7.442,0.0,0.8275,7.74,0.0,0.4719,6.9205000000000005,7.2735,-0.35299999999999976,1.0430000000000001,0.1070000000000002,7.74
28,COc1cc2ncnc(Nc3cccc(C(C)(F)c4cccc(C)c4)c3)c2cc1OC,0.9366862651611404,7.91449681261194,68.74341950157375,1.181390662989547,0.7647058823529411,top50,7.236,0.0,0.8094,6.686,0.0,0.6071,7.294,0.0,0.8948,7.072,0.0,0.8728,6.219,0.0,0.7148,7.152,0.0,0.8767,7.324,0.0,0.4299,6.6855,7.072,-0.38649999999999984,0.9329999999999998,0.5499999999999998,7.324
29,COc1cc2ncnc(Nc3cccc(C(C)(C)OC(F)(F)F)c3)c2cc1OC,0.936624703688462,7.967241516866917,67.89540658922971,1.1962115784565808,0.7959183673469388,top50,7.186,0.0,0.897,7.017,0.0,0.9092,7.476,0.0,0.9706,6.948,0.0,0.8663,5.853,0.0,0.5752,6.678,0.0,0.9053,7.221,0.0,0.4964,6.265499999999999,7.15675,-0.8912500000000003,0.8250000000000002,0.1689999999999996,7.221
30,COc1cc2ncnc(Nc3cccc(C(C)(F)CC(F)F)c3)c2cc1OC,0.9364603182287324,7.765903990219329,72.7073559234074,1.1954754532335583,0.75,top50,7.145,0.0,0.8521,7.048,0.0,0.9113,7.311,0.0,0.9312,6.442,0.0,0.8814,6.067,0.0,0.5598,7.165,0.0,0.9363,7.284,0.0,0.522,6.616,6.9864999999999995,-0.37049999999999983,1.0979999999999999,0.09699999999999953,7.284
31,COc1cc2ncnc(Nc3cccc(C(C)(F)c4ccn(C)n4)c3)c2cc1OC,0.936269970611986,7.818226774191735,71.3041890655704,0.8913080120610412,0.6842105263157895,top50,7.283,0.0,0.7298,7.162,0.0,0.8399,7.793,0.0,0.9816,7.029,0.0,0.7935,6.701,0.0,0.6358,7.141,0.0,0.8442,7.461,0.0,0.4584,6.920999999999999,7.31675,-0.3957500000000005,0.4400000000000004,0.12100000000000044,7.461
32,COc1cc2ncnc(Nc3cccc(C(C)(F)c4ccn(C)c4)c3)c2cc1OC,0.9361660399090432,7.892685489141182,69.02544747984996,1.116551250566265,0.6964285714285714,top50,7.6,0.0,0.858,6.946,0.0,0.5599,7.537,0.0,0.9308,7.062,0.0,0.8641,6.832,0.0,0.8553,6.949,0.0,0.8458,7.681,0.0,0.6062,6.890499999999999,7.28625,-0.3957500000000005,0.11699999999999999,0.6539999999999999,7.681
33,CNCCCC(C)(C)c1cccc(Nc2ncnc3cc(OC)c(OC)cc23)c1,0.9347730442588728,7.770063671654924,75.13709172099858,0.8371404516771641,0.6607142857142857,top50,7.038,0.0,0.7344,6.768,0.0,0.7838,7.529,0.0,0.9018,7.082,0.0,0.8029,5.881,0.0,0.6193,7.028,0.0,0.8273,6.729,0.0,0.6808,6.4544999999999995,7.10425,-0.6497500000000009,1.1469999999999994,0.27000000000000046,6.729
34,COc1cc2ncnc(Nc3cccc(C(C)(C)CCNC4CC4)c3)c2cc1OC,0.9343349867611382,7.732392054307566,73.47500752474392,1.0383423149810402,0.6271186440677966,top50,7.245,0.0,0.7344,7.093,0.0,0.8262,6.779,0.0,0.5642,6.705,0.0,0.7694,5.988,0.0,0.4617,7.492,0.0,0.9084,7.514,0.0,0.6035,6.74,6.955500000000001,-0.21550000000000047,1.5039999999999996,0.15200000000000014,7.514
35,COc1cc2ncnc(Nc3cccc(C(C)(F)Cc4c(F)cccc4OC)c3)c2cc1OC,0.9330758854129096,7.828117648802674,69.62281046249711,1.1233575632189423,0.6964285714285714,top50,7.426,0.0,0.6257,6.73,0.0,0.2375,7.616,0.0,0.8324,6.899,0.0,0.6295,6.29,0.0,0.5838,7.319,0.0,0.774,7.603,0.0,0.3933,6.8045,7.16775,-0.36324999999999985,1.029,0.6959999999999997,7.603
36,COc1cc2ncnc(Nc3cccc(C(C)(C)CCC(C)(F)F)c3)c2cc1OC,0.9330637432972512,7.71075452258864,74.75335627821761,1.178149819462455,0.75,top50,6.87,0.0,0.5939,7.137,0.0,0.6677,7.621,0.0,0.8873,7.068,0.0,0.729,6.416,0.0,0.724,7.433,0.0,0.8937,7.234,0.0,0.3724,6.9245,7.1739999999999995,-0.2494999999999994,1.0169999999999995,0.26699999999999946,7.234
37,COc1cc2ncnc(Nc3cccc(C(C)(C)CCNC4CCCC4)c3)c2cc1OC,0.9320646806238084,7.71624921236592,73.8822756456589,0.916387137093684,0.6065573770491803,top50,6.994,0.0,0.5977,7.109,0.0,0.5305,7.285,0.0,0.6676,7.349,0.0,0.6954,6.01,0.0,0.4278,6.99,0.0,0.8829,7.487,0.0,0.3721,6.5,7.18425,-0.6842499999999996,0.9800000000000004,0.11500000000000021,7.487
38,COc1cc2ncnc(Nc3cccc(C(CO)(CO)CCN4CCC(O)CC4)c3)c2cc1OC,0.9319877634948626,7.714127445916545,75.95131100565129,0.9038412471779876,0.5606060606060606,top50,6.957,0.0,0.6954,6.988,0.0,0.7421,6.712,0.0,0.6753,7.397,0.0,0.771,6.199,0.0,0.5326,7.268,0.0,0.8336,7.428,0.0,0.4851,6.733499999999999,7.0135000000000005,-0.28000000000000114,1.069,0.031000000000000583,7.428
39,COc1cc2ncnc(Nc3cccc(C(C)(C)CCC(F)(F)F)c3)c2cc1OC,0.9315331849940146,7.695335137368291,74.96430949940267,1.1561648376155371,0.75,top50,7.211,0.0,0.7543,7.052,0.0,0.6855,7.6,0.0,0.9029,7.097,0.0,0.7592,6.252,0.0,0.6987,7.322,0.0,0.8784,7.126,0.0,0.3822,6.787,7.24,-0.4530000000000003,1.0700000000000003,0.1590000000000007,7.126
40,COc1cc2ncnc(Nc3cccc(C(C)(F)c4cccc(F)c4)c3)c2cc1C(C)(C)C,0.9314022414986054,7.72786992011137,72.04666181843007,1.3411119176481718,0.6545454545454545,top50,7.557,0.0,0.8194,7.789,0.0,0.7936,7.955,0.0,0.8563,7.383,0.0,0.8183,7.163,0.0,0.7601,7.704,0.0,0.8649,7.423,0.0,0.3115,7.4335,7.671,-0.23749999999999982,0.5409999999999995,0.23199999999999932,7.423
41,COc1cc2ncnc(Nc3cccc(C(C)(C)CCC4COC4)c3)c2cc1OC,0.9311840721640396,7.828179789061906,69.18625115692907,1.0088570689103211,0.6166666666666667,top50,6.845,0.0,0.657,6.515,0.0,0.2971,7.741,0.0,0.9022,7.057,0.0,0.8402,6.197,0.0,0.6381,7.155,0.0,0.8086,7.195,0.0,0.428,6.676,7.0395,-0.36350000000000016,0.9580000000000002,0.33000000000000007,7.195
42,COc1cc2ncnc(Nc3cccc(C(C)(F)Cc4cnn(C5CC5)c4N)c3)c2cc1OC,0.9306584602506938,7.8438224878301455,70.22472039447074,0.8000433013247097,0.5909090909090909,top50,7.412,0.0,0.5556,6.895,0.0,0.3837,7.666,0.0,0.7913,7.218,0.0,0.5949,6.637,0.0,0.7133,7.176,0.0,0.5861,7.96,0.0,0.6832,6.906499999999999,7.29775,-0.3912500000000003,0.5390000000000006,0.5170000000000003,7.96
43,COc1cc2ncnc(Nc3cccc(Cl)c3F)c2cc1OC,0.9301483188712596,7.875679305197531,68.11688787913005,1.3399251894035145,0.7368421052631579,top50,7.226,0.0,0.9713,7.376,0.0,0.9915,6.338,0.0,0.8208,7.028,0.0,0.9791,6.091,0.0,0.5672,6.81,0.0,0.9446,7.043,0.0,0.6516,6.4505,6.992,-0.5415000000000001,0.7189999999999994,0.15000000000000036,7.043
44,COc1cc2ncnc(Nc3cccc(C(C)(C)CCCOC(F)(F)F)c3)c2cc1OC,0.9295477314146048,7.676082282655826,75.06801060544467,0.9876226820727912,0.6842105263157895,top50,7.285,0.0,0.8232,6.647,0.0,0.2274,7.771,0.0,0.9336,7.213,0.0,0.8398,6.435,0.0,0.6155,6.797,0.0,0.832,7.352,0.0,0.3188,6.616,7.229,-0.6130000000000004,0.3620000000000001,0.6379999999999999,7.352
45,COc1cc2ncnc(Nc3cccc(C(C)(F)c4ccn(C(C)C)c4)c3)c2cc1OC,0.9280881485419544,7.863147222150342,67.93847555557761,1.139389021452382,0.6724137931034483,top50,6.91,0.0,0.619,7.037,0.0,0.4368,7.473,0.0,0.7732,7.091,0.0,0.6352,6.511,0.0,0.5833,7.254,0.0,0.7867,7.827,0.0,0.5881,6.8825,7.12775,-0.24524999999999952,0.7429999999999994,0.12699999999999978,7.827
46,COc1cc2ncnc(Nc3cccc(C(C)(F)CCOC(F)(F)F)c3)c2cc1OC,0.9280222889614612,7.6950662458359025,72.00105728281429,1.0972332360213184,0.7090909090909091,top50,6.715,0.0,0.6874,6.991,0.0,0.7824,7.647,0.0,0.9473,6.926,0.0,0.782,5.943,0.0,0.5591,7.09,0.0,0.8802,7.486,0.0,0.4631,6.5165,7.069750000000001,-0.5532500000000011,1.1470000000000002,0.2759999999999998,7.486
47,COc1cc2ncnc(Nc3cccc(C(C)(F)c4ccncc4)c3)c2cc1OC,0.9278433311478632,7.868038791089641,67.81612184860303,1.257413921120388,0.75,top50,7.566,0.0,0.8688,6.884,0.0,0.5107,7.765,0.0,0.9653,7.176,0.0,0.7953,5.604,0.0,0.5158,7.152,0.0,0.8485,7.783,0.0,0.5618,6.378,7.34775,-0.9697499999999994,1.548,0.6819999999999995,7.783
48,COc1cc2ncnc(Nc3cccc(C(C)(C)CC(C)(F)c4cccc(C(F)(F)F)c4)c3)c2cc1OC,0.9276414520844076,7.863974895758895,67.84397698462755,1.119754074868635,0.7924528301886793,top50,7.038,0.0,0.3738,7.376,0.0,0.4371,7.641,0.0,0.5359,7.405,0.0,0.6342,6.739,0.0,0.48,7.711,0.0,0.8006,7.573,0.0,0.3005,7.225,7.365,-0.14000000000000057,0.9720000000000004,0.3380000000000001,7.573
49,COc1cc2ncnc(Nc3cccc(C(C)(C)NC4CC4)c3)c2cc1OC,0.9275334731282168,7.794316879629719,69.06904977368863,1.151373373838566,0.6851851851851852,top50,6.777,0.0,0.6856,6.586,0.0,0.5273,7.058,0.0,0.8264,7.081,0.0,0.8512,6.137,0.0,0.5623,7.074,0.0,0.9045,7.402,0.0,0.5318,6.605499999999999,6.8755,-0.27000000000000046,0.9370000000000003,0.19099999999999984,7.402
50,COc1cc2ncnc(Nc3cccc(C(C)(F)C(C)C)c3)c2cc1OCCN1CCOCC1,0.6203061184875567,6.988572296554944,47.76918842024342,1.141409299937375,0.6533333333333333,random100,7.695,0.0,0.8187,7.496,0.0,0.7632,7.477,0.0,0.8471,7.806,0.0,0.8553,6.077,0.0,0.397,7.415,0.0,0.8234,7.906,0.0,0.6444,6.746,7.6185,-0.8724999999999996,1.338,0.19899999999999984,7.906
51,COc1cc2ncnc(Nc3cccc(C(C)(F)F)c3)c2cc1N1CCNCC1,0.7804686983737823,6.745701161628048,107.0768512898565,0.5344916184367625,0.6065573770491803,random100,7.673,0.0,0.9647,7.703,0.0,0.9666,7.666,0.0,0.9439,7.604,0.0,0.9465,6.314,0.0,0.666,7.212,0.0,0.9377,7.008,0.0,0.3896,6.763,7.6615,-0.8985000000000003,0.8979999999999997,0.03000000000000025,7.008
52,COc1cc2ncnc(Nc3cccc(Cc4cccnc4N)c3)c2cc1OC,0.579230868038764,7.414443533456871,42.633257884407655,0.830257385147232,0.5892857142857143,random100,7.519,0.0,0.8192,7.207,0.0,0.7629,7.827,0.0,0.9817,7.406,0.0,0.8631,6.4,0.0,0.6881,6.945,0.0,0.7705,7.25,0.0,0.4608,6.6725,7.489749999999999,-0.8172499999999987,0.5449999999999999,0.3120000000000003,7.25
53,COc1cc2ncnc(Nc3cccc(C(C)(F)CCC4(F)COC4)c3)c2cc1OC,0.915941833139246,7.582258313053421,71.88124185886404,1.1223959641458603,0.639344262295082,random100,6.923,0.0,0.7213,6.416,0.0,0.4122,7.337,0.0,0.8599,6.91,0.0,0.7934,6.646,0.0,0.8123,6.812,0.0,0.7678,7.374,0.0,0.4793,6.729,6.8965000000000005,-0.16750000000000043,0.16600000000000037,0.5069999999999997,7.374
54,CCCc1cccc(Nc2ncnc3cc(OC)c(OC)cc23)c1F,0.6166699257752968,6.748788151380966,49.43800093526143,1.0587169608383786,0.66,random100,6.82,0.0,0.7674,7.211,0.0,0.943,7.31,0.0,0.9594,6.762,0.0,0.8629,6.023,0.0,0.7708,7.034,0.0,0.8968,6.961,0.0,0.5287,6.528499999999999,7.02575,-0.4972500000000011,1.0110000000000001,0.391,6.961
55,COc1cc2ncnc(Nc3cccc(C(CO)CC4(CO)CCCC4)c3)c2cc1OC,0.7164743006305896,7.3461355482497375,53.76604077970472,0.5647323408648577,0.5573770491803278,random100,7.434,0.0,0.7292,7.036,0.0,0.8027,7.211,0.0,0.6735,7.85,0.0,0.8661,6.716,0.0,0.8609,7.546,0.0,0.9272,7.52,0.0,0.5629,7.131,7.38275,-0.2517499999999995,0.8300000000000001,0.3980000000000006,7.52
56,COc1cc2ncnc(Nc3cccc(C(C)(F)CC4CC4)c3)c2cc1OCCC(C)C,0.9209207028826504,7.601484246934363,73.86785902053576,0.953933349231104,0.6,random100,7.491,0.0,0.7043,7.183,0.0,0.5593,7.755,0.0,0.8937,7.232,0.0,0.6937,6.545,0.0,0.5764,7.614,0.0,0.863,6.912,0.0,0.3333,7.0794999999999995,7.4152499999999995,-0.33575,1.069,0.30799999999999983,6.912
57,COc1cc2ncnc(Nc3cccc(CC4CCOCC4)c3)c2cc1OC,0.7605609935855919,7.514215354095145,54.11646765730983,1.005857244169155,0.5892857142857143,random100,6.946,0.0,0.7844,6.712,0.0,0.5999,7.317,0.0,0.9413,6.893,0.0,0.7855,6.132,0.0,0.8528,6.84,0.0,0.8842,7.113,0.0,0.4328,6.486,6.9670000000000005,-0.48100000000000076,0.7080000000000002,0.23399999999999999,7.113
58,COc1cc2ncnc(Nc3cccc(C(C)(C)CCC(C)(C)O)c3)c2cc1OC,0.863687270329978,7.384926131233307,65.46792178745164,1.1808956987825785,0.6851851851851852,random100,7.005,0.0,0.7674,7.162,0.0,0.8643,7.373,0.0,0.8858,7.157,0.0,0.8273,6.706,0.0,0.8218,7.115,0.0,0.8367,7.426,0.0,0.5101,6.910500000000001,7.17425,-0.26374999999999904,0.4089999999999998,0.15700000000000003,7.426
59,COc1cc2ncnc(Nc3cccc(C(C)(C)C)c3)c2cc1-c1ccccc1S(=O)(=O)N(C)C,0.8582053895691862,7.087227881636794,73.94233011615061,1.2409248961687065,0.546875,random100,7.316,0.0,0.7448,6.915,0.0,0.4052,7.707,0.0,0.8965,7.293,0.0,0.8064,6.412,0.0,0.5812,7.439,0.0,0.8723,6.981,0.0,0.2852,6.9254999999999995,7.3077499999999995,-0.38225,1.0270000000000001,0.4009999999999998,6.981
60,COc1cc2ncnc(Nc3cccc(C(CO)CC4CC(C)(C)NC4=O)c3)c2cc1OC,0.9092038934958688,8.04550211138093,69.16645760279528,0.4917940073223016,0.4927536231884058,random100,7.18,0.0,0.7911,7.089,0.0,0.4828,7.501,0.0,0.8158,6.95,0.0,0.6765,6.812,0.0,0.7291,6.772,0.0,0.8344,7.56,0.0,0.5698,6.792,7.18,-0.3879999999999999,0.040000000000000036,0.0909999999999993,7.56
61,CCOc1cc2c(Nc3cccc(C(C)(CO)CCN(C)C)c3)ncnc2cc1OC,0.5792499006755036,7.154014062637341,44.16841412172486,0.7814937456630735,0.578125,random100,7.141,0.0,0.7896,7.027,0.0,0.7888,6.807,0.0,0.6429,7.224,0.0,0.8199,6.839,0.0,0.6576,7.236,0.0,0.8429,7.354,0.0,0.5413,7.0375,7.04975,-0.01225000000000076,0.39699999999999935,0.11399999999999988,7.354
62,COc1cc2ncnc(Nc3cccc(C(CO)c4ccc(C)cc4)c3)c2cc1OC,0.808063372649048,7.041112721352516,66.80492678444934,0.6107945952207519,0.6481481481481481,random100,7.015,0.0,0.6559,6.719,0.0,0.7179,7.401,0.0,0.8906,6.946,0.0,0.806,6.532,0.0,0.8511,7.3,0.0,0.8772,7.086,0.0,0.4443,6.916,7.020249999999999,-0.10424999999999862,0.7679999999999998,0.2959999999999994,7.086
63,COc1cc2ncnc(Nc3cccc(CNc4nncs4)c3)c2cc1OC,0.7323247967153595,7.23370641036681,54.25324360638049,0.885244176201739,0.5689655172413793,random100,7.295,0.0,0.7682,7.188,0.0,0.7974,7.525,0.0,0.9624,7.256,0.0,0.8591,6.107,0.0,0.5607,7.009,0.0,0.8366,7.177,0.0,0.5197,6.558,7.316000000000001,-0.7580000000000009,0.9020000000000001,0.1070000000000002,7.177
64,COc1cc2ncnc(Nc3cccc(C(C)(F)CCN4CCCC4)c3F)c2cc1OC,0.7752212523707793,6.530579861685742,74.42761280398891,0.951908441271333,0.5972222222222222,random100,7.071,0.0,0.7061,6.64,0.0,0.3256,7.853,0.0,0.846,7.243,0.0,0.7152,6.876,0.0,0.7829,7.253,0.0,0.8328,8.076,0.0,0.6603,7.064500000000001,7.2017500000000005,-0.13724999999999987,0.3769999999999998,0.43100000000000005,8.076
65,COc1cc2ncnc(Nc3cccc(C(C)(F)CO)c3)c2cc1OCc1ccccc1C,0.7853773059140166,6.9282868136562215,62.72730980498056,1.1546252905290315,0.6290322580645161,random100,7.461,0.0,0.8474,7.148,0.0,0.8135,7.689,0.0,0.9248,7.348,0.0,0.8808,5.609,0.0,0.5025,7.469,0.0,0.9193,7.606,0.0,0.4246,6.539,7.4115,-0.8725000000000005,1.8600000000000003,0.3130000000000006,7.606
66,COc1cc2ncnc(Nc3cccc(C(C)(F)c4cnn(C)c4)c3)c2cc1OC,0.9162329063476344,7.58645908050233,71.81355310333988,1.2187215169965964,0.6964285714285714,random100,7.379,0.0,0.8103,6.966,0.0,0.7302,7.6,0.0,0.9297,7.059,0.0,0.6816,6.725,0.0,0.6876,7.144,0.0,0.8028,7.823,0.0,0.666,6.9345,7.251,-0.31650000000000045,0.4190000000000005,0.41299999999999937,7.823
67,COc1cc2ncnc(Nc3ccc(Cl)c(Cl)c3)c2cc1OCc1ccccc1,0.5484017046204305,7.448221252898925,40.34467418886334,1.183941251561453,0.7962962962962963,random100,7.577,0.0,0.8867,7.416,0.0,0.9383,7.815,0.0,0.9662,7.694,0.0,0.9365,6.421,0.0,0.6624,7.289,0.0,0.8925,7.627,0.0,0.6809,6.855,7.6255,-0.7704999999999993,0.8679999999999994,0.1609999999999996,7.627
68,COc1cc2ncnc(Nc3cccc(COCCNC(C)C)c3)c2cc1OC,0.726181942876934,7.402965377960208,52.44637899615076,0.8978546808358124,0.6060606060606061,random100,6.844,0.0,0.8144,6.541,0.0,0.6732,6.738,0.0,0.8425,7.286,0.0,0.91,4.991,0.0,0.7401,6.855,0.0,0.8953,6.902,0.0,0.4287,5.923,6.85225,-0.9292499999999997,1.8640000000000008,0.30299999999999994,6.902
69,COc1cc2ncnc(Nc3ccc(Cl)c(Cl)c3)c2cc1OCCN1CCCC1,0.8204109973661421,7.333273378165053,61.08399125843021,0.9047821880022224,0.847457627118644,random100,7.746,0.0,0.8879,7.796,0.0,0.9483,7.654,0.0,0.9522,7.782,0.0,0.9477,6.715,0.0,0.7589,7.404,0.0,0.9152,7.403,0.0,0.4749,7.0595,7.7445,-0.6850000000000005,0.6890000000000001,0.04999999999999982,7.403
70,COc1cc2ncnc(Nc3cccc(C(C)(C)Nc4cncnc4)c3)c2cc1OC,0.8513933503643997,7.54803160130708,61.76016378603555,1.2132139181680468,0.6851851851851852,random100,7.159,0.0,0.6552,6.993,0.0,0.6453,8.054,0.0,0.968,7.216,0.0,0.6999,6.491,0.0,0.6471,7.327,0.0,0.8102,7.689,0.0,0.5792,6.909,7.355500000000001,-0.44650000000000123,0.8360000000000003,0.16599999999999948,7.689
71,COc1cc2ncnc(Nc3cccc(C(C)(C)CC(C)(C)N)c3)c2cc1OCC1(N)CCC1,0.8448740984045654,7.603893091775858,60.52067228931437,1.132822360375396,0.5606060606060606,random100,7.719,0.0,0.6538,7.167,0.0,0.6827,8.222,0.0,0.9285,7.743,0.0,0.7488,6.707,0.0,0.4864,7.853,0.0,0.8223,7.39,0.0,0.3098,7.279999999999999,7.71275,-0.4327500000000004,1.146,0.5520000000000005,7.39
72,COc1ccc(Cl)c(CC(C)(F)c2cccc(Nc3ncnc4cc(OC)c(OC)cc34)c2)c1,0.8464401180180108,7.27443169924845,64.890572428614,0.980072159449942,0.65,random100,7.094,0.0,0.5154,6.41,0.0,0.1533,7.929,0.0,0.8685,6.939,0.0,0.3919,7.015,0.0,0.8147,6.834,0.0,0.3902,7.857,0.0,0.5732,6.9245,7.093,-0.16849999999999987,0.18100000000000005,0.6840000000000002,7.857
73,COc1cc2ncnc(Nc3cccc(C(CO)c4c[nH]c(=O)[nH]4)c3)c2cc1OC,0.8126554715063853,7.385127286272236,67.22120269270317,0.3355750516681043,0.5423728813559322,random100,6.833,0.0,0.6506,6.988,0.0,0.4922,7.611,0.0,0.9203,7.005,0.0,0.6662,6.346,0.0,0.706,6.767,0.0,0.8379,7.534,0.0,0.6373,6.5565,7.10925,-0.5527500000000005,0.42100000000000026,0.15500000000000025,7.534
74,COc1cc2ncnc(Nc3cccc(C(CO)CN4CCOCC4)c3)c2cc1Cl,0.7531780101645409,7.388533409413507,54.57083479177047,0.9097838920635468,0.5949367088607594,random100,6.873,0.0,0.6554,6.688,0.0,0.4166,7.559,0.0,0.9018,7.062,0.0,0.7551,6.16,0.0,0.6457,7.456,0.0,0.8561,7.365,0.0,0.476,6.808,7.0455000000000005,-0.2375000000000007,1.2960000000000003,0.1850000000000005,7.365
75,COc1cc2ncnc(Nc3cccc(C(CO)c4ccc(C#N)cc4)c3)c2cc1OC,0.7542460378989265,6.743986205012447,67.62283001926633,0.4673051803885494,0.6724137931034483,random100,7.066,0.0,0.7752,6.988,0.0,0.5398,7.589,0.0,0.8658,6.94,0.0,0.8207,6.034,0.0,0.4407,7.183,0.0,0.7839,7.27,0.0,0.4642,6.608499999999999,7.1457500000000005,-0.5372500000000011,1.149,0.0779999999999994,7.27
76,COc1cc2ncnc(Nc3cccc(C(C)(F)Cc4ccc(Cl)cc4Cl)c3)c2cc1OC,0.8807742212672116,7.626213806222628,64.91768355273709,0.8108733769444857,0.6610169491525424,random100,7.221,0.0,0.5102,6.769,0.0,0.2738,8.061,0.0,0.9032,7.084,0.0,0.6881,6.714,0.0,0.5452,7.595,0.0,0.7648,7.744,0.0,0.4002,7.1545000000000005,7.28375,-0.12924999999999986,0.8809999999999993,0.45199999999999996,7.744
77,COc1cc2ncnc(Nc3cccc(C(C)(C)NCc4ccccc4)c3)c2cc1OC,0.7140929776480738,7.469469395889882,51.04319183680666,1.0794041047444962,0.6727272727272727,random100,7.508,0.0,0.6973,6.893,0.0,0.731,7.423,0.0,0.8294,7.033,0.0,0.8278,5.976,0.0,0.5921,7.32,0.0,0.8448,7.585,0.0,0.5662,6.648,7.21425,-0.5662500000000001,1.3440000000000003,0.6150000000000002,7.585
78,COc1cc2ncnc(Nc3cccc(Cc4ccccc4NS(C)(=O)=O)c3)c2cc1OC,0.5523368213056037,6.780347910016598,44.48080137430593,0.963725359110196,0.5614035087719298,random100,7.433,0.0,0.8239,6.799,0.0,0.4507,7.732,0.0,0.9188,7.226,0.0,0.795,6.671,0.0,0.726,6.761,0.0,0.5628,7.517,0.0,0.5762,6.716,7.297499999999999,-0.5814999999999992,0.08999999999999986,0.6339999999999995,7.517
79,CCOc1cc2c(Nc3cccc(C(C)(C)CCOC(=O)NC(C)C)c3)ncnc2cc1OC,0.5470877521395763,6.4155595876728935,47.07837161609308,1.1657700657857375,0.5362318840579711,random100,7.426,0.0,0.6934,7.145,0.0,0.7335,7.808,0.0,0.9026,7.189,0.0,0.7457,6.808,0.0,0.8158,7.337,0.0,0.6609,7.751,0.0,0.4303,7.0725,7.3919999999999995,-0.3194999999999997,0.5289999999999999,0.2810000000000006,7.751
80,COc1cc2ncnc(Nc3cccc(C(C)(F)Cc4ccc(Cl)cc4)c3)c2cc1OC,0.9087370656063644,7.721699137237396,66.8591492704527,1.2050392519554227,0.6964285714285714,random100,6.849,0.0,0.5862,6.767,0.0,0.6313,7.665,0.0,0.8807,7.228,0.0,0.7914,6.705,0.0,0.8377,7.521,0.0,0.8399,7.414,0.0,0.3688,7.1129999999999995,7.12725,-0.01425000000000054,0.8159999999999998,0.08199999999999985,7.414
81,CCC(CO)c1cccc(Nc2ncnc3cc(OC)c(OC)cc23)c1O,0.6994280236087321,6.962824209488398,54.20070678387757,0.8390449552787104,0.543859649122807,random100,7.162,0.0,0.8961,6.946,0.0,0.7724,6.609,0.0,0.8816,6.528,0.0,0.7869,6.093,0.0,0.8615,6.883,0.0,0.8824,7.212,0.0,0.6219,6.4879999999999995,6.811249999999999,-0.3232499999999998,0.79,0.2160000000000002,7.212
82,COc1cc2ncnc(Nc3cccc(-c4ncn[nH]4)c3)c2cc1OC,0.7239453183731855,7.335799871961354,52.67650580393279,1.1146924539974628,0.72,random100,7.028,0.0,0.8304,6.851,0.0,0.8683,7.076,0.0,0.9052,6.696,0.0,0.7862,6.554,0.0,0.848,6.736,0.0,0.8926,7.147,0.0,0.5203,6.645,6.912749999999999,-0.2677499999999995,0.1819999999999995,0.1769999999999996,7.147
83,COc1cc2ncnc(Nc3cccc(Cc4cnccc4N4CCC(O)CC4)c3)c2cc1OC,0.6121709428603319,7.1142471334348505,47.389528790728384,0.613217072505168,0.4857142857142857,random100,7.049,0.0,0.5495,6.991,0.0,0.529,7.777,0.0,0.6532,7.618,0.0,0.7716,6.37,0.0,0.5091,7.624,0.0,0.8181,8.142,0.0,0.6033,6.997,7.358750000000001,-0.3617500000000007,1.2539999999999996,0.05800000000000072,8.142
84,COc1cc2ncnc(Nc3cccc(C(C)(CO)CCN4CCCC4)c3)c2cc1OC,0.8282060131444785,7.2401001102699345,63.05599432475122,1.0778727702710331,0.5873015873015873,random100,7.341,0.0,0.7277,7.239,0.0,0.8172,7.536,0.0,0.8323,7.179,0.0,0.7853,6.823,0.0,0.8028,7.61,0.0,0.8088,7.662,0.0,0.4976,7.2165,7.32375,-0.10725000000000051,0.7869999999999999,0.10200000000000031,7.662
85,COc1cc2ncnc(Nc3cccc(Cc4ccnn4-c4cnn(C)c4)c3)c2cc1OC,0.890012574471812,7.481266751714686,69.28030015042971,0.798274838877931,0.5076923076923077,random100,7.252,0.0,0.7191,7.133,0.0,0.4169,7.989,0.0,0.9351,7.154,0.0,0.6845,6.857,0.0,0.628,7.374,0.0,0.7229,7.706,0.0,0.3994,7.1155,7.382,-0.26649999999999974,0.5169999999999995,0.11899999999999977,7.706
86,COc1cc2ncnc(Nc3cccc(C(O)(CO)CCCN4CCCC4)c3)c2cc1OC,0.8558864523591436,7.152002135062292,69.61041443960488,0.914488269648729,0.5692307692307692,random100,7.217,0.0,0.798,6.87,0.0,0.486,7.069,0.0,0.9007,7.018,0.0,0.7529,5.924,0.0,0.6033,7.219,0.0,0.8739,7.153,0.0,0.4393,6.5715,7.0435,-0.47199999999999953,1.295,0.34699999999999953,7.153
87,COc1cc2ncnc(Nc3c(C)cccc3Cl)c2cc1OCC1CCN(C)CCN1,0.6564323282554715,6.507741737386461,61.1084917015395,0.2997563267764478,0.5974025974025974,random100,8.064,0.0,0.9737,7.672,0.0,0.9733,7.583,0.0,0.8096,7.852,0.0,0.9594,5.589,0.0,0.3288,7.551,0.0,0.9052,7.487,0.0,0.4147,6.57,7.792750000000001,-1.2227500000000004,1.9619999999999997,0.39200000000000035,7.487
88,COc1cc2ncnc(Nc3cccc(-c4n[nH]c(=O)[nH]4)c3)c2cc1OC1CCN(C)CC1,0.7947687513155088,7.315766819416605,64.35906719765806,0.3787186353722894,0.6,random100,7.453,0.0,0.7399,7.162,0.0,0.5919,7.83,0.0,0.9213,7.301,0.0,0.7299,6.83,0.0,0.6215,7.105,0.0,0.7314,7.698,0.0,0.6573,6.9675,7.4365000000000006,-0.4690000000000003,0.27500000000000036,0.29100000000000037,7.698
89,COc1cc2ncnc(Nc3cccc(Cc4ccnc(F)c4)c3)c2cc1OC,0.8743996359555903,7.476038570613208,66.28674657676785,0.813211407927321,0.660377358490566,random100,7.456,0.0,0.8233,7.369,0.0,0.8491,7.772,0.0,0.9783,7.276,0.0,0.8525,6.635,0.0,0.7466,7.087,0.0,0.8643,7.422,0.0,0.5578,6.861,7.46825,-0.6072500000000005,0.45199999999999996,0.08700000000000063,7.422
90,COc1cc2ncnc(Nc3cccc(C(CO)(C(F)(F)F)C(F)(F)F)c3)c2cc1OC,0.8868209436381649,7.659455717085224,64.58062644991244,1.184225477331226,0.75,random100,7.214,0.0,0.9086,7.278,0.0,0.909,7.69,0.0,0.9261,6.964,0.0,0.816,6.426,0.0,0.5423,6.989,0.0,0.8584,7.222,0.0,0.3334,6.7075,7.2865,-0.5790000000000006,0.5629999999999997,0.06399999999999917,7.222
91,COc1cc2ncnc(Nc3cccc(-c4ccccc4F)c3F)c2cc1OC,0.8153229020340828,6.78650223187987,74.76919273265548,1.2042458902865434,0.7659574468085106,random100,7.183,0.0,0.8124,6.824,0.0,0.7217,7.453,0.0,0.8918,7.347,0.0,0.8906,6.323,0.0,0.8153,7.031,0.0,0.8475,7.553,0.0,0.5798,6.677,7.2017500000000005,-0.5247500000000009,0.7079999999999993,0.359,7.553
92,COc1cc2ncnc(Nc3ccc(Oc4ccccc4)cc3)c2cc1OC,0.630389374187418,6.849099289004063,49.60777985015528,1.2788346799773451,0.8048780487804879,random100,7.061,0.0,0.8118,6.562,0.0,0.6591,7.344,0.0,0.9696,6.793,0.0,0.8441,5.842,0.0,0.7721,6.432,0.0,0.8991,6.908,0.0,0.4442,6.1370000000000005,6.94,-0.8029999999999999,0.5900000000000007,0.49899999999999967,6.908
93,COc1cc2ncnc(Nc3cccc(C(=O)CCc4ccccn4)c3)c2cc1OC,0.463247731329215,6.653959402015938,38.99453794280623,1.0139278622995236,0.6190476190476191,random100,7.579,0.0,0.7858,7.348,0.0,0.6995,7.756,0.0,0.9511,7.653,0.0,0.8808,6.393,0.0,0.6893,7.233,0.0,0.8858,7.62,0.0,0.5235,6.813,7.584,-0.7709999999999999,0.8399999999999999,0.23099999999999987,7.62
94,COc1cc2ncnc(Nc3cccc(Cc4ccnc(N)c4)c3)c2cc1OC,0.7594192120210902,7.427638048530146,55.35160938127189,0.7392715321142955,0.6111111111111112,random100,7.052,0.0,0.6028,6.845,0.0,0.5031,7.935,0.0,0.9851,6.915,0.0,0.7562,5.952,0.0,0.6304,7.001,0.0,0.7875,7.518,0.0,0.6905,6.4765,7.186749999999999,-0.7102499999999994,1.0490000000000004,0.20699999999999985,7.518
95,COc1cc2ncnc(Nc3cccc(-c4csc(CCO)n4)c3)c2cc1OC,0.7378831437763715,6.352768403465342,69.64201330446609,0.9905122649581214,0.640625,random100,6.792,0.0,0.6373,6.857,0.0,0.7243,7.728,0.0,0.9332,6.808,0.0,0.7959,6.392,0.0,0.4847,6.888,0.0,0.7687,7.534,0.0,0.6143,6.640000000000001,7.046250000000001,-0.40625,0.49599999999999955,0.06500000000000039,7.534
96,CNC(=O)C(C)(CC#N)c1cccc(Nc2ncnc3cc(OC)c(OC)cc23)c1,0.8508107179226352,7.3012481760030195,66.87149900908557,0.7122973256206281,0.5967741935483871,random100,7.099,0.0,0.7838,6.896,0.0,0.7494,7.643,0.0,0.9226,7.323,0.0,0.8501,6.185,0.0,0.5033,7.151,0.0,0.9114,7.446,0.0,0.5313,6.667999999999999,7.2402500000000005,-0.5722500000000013,0.9660000000000002,0.2030000000000003,7.446
97,COc1cc2ncnc(Nc3cccc(CCC(=O)O)c3)c2cc1OC,0.7828808676936664,6.837109138244048,64.13701979049152,0.935864276011156,0.64,random100,6.63,0.0,0.7747,6.705,0.0,0.885,7.013,0.0,0.9248,6.953,0.0,0.9276,5.618,0.0,0.5406,6.697,0.0,0.8604,6.745,0.0,0.5675,6.157500000000001,6.82525,-0.667749999999999,1.0789999999999997,0.07500000000000018,6.745
98,COc1cc2ncnc(Nc3cccc(C(C)(C)Nc4ccc(S(N)(=O)=O)cc4)c3)c2cc1OC,0.8549286678605902,7.551448017960452,62.74608114881652,0.7988745953998374,0.6166666666666667,random100,7.413,0.0,0.6988,7.531,0.0,0.8603,6.741,0.0,0.3638,7.495,0.0,0.7946,6.762,0.0,0.6722,7.503,0.0,0.814,8.175,0.0,0.5698,7.1325,7.295,-0.16249999999999964,0.7410000000000005,0.11799999999999944,8.175
99,CCCS(=O)(=O)Nc1cccc(C(C)(F)c2cccc(Nc3ncnc4cc(OC)c(OC)cc34)c2)c1,0.8402663678603359,7.6662359446907615,62.07250158131141,0.5737538039168821,0.6610169491525424,random100,7.587,0.0,0.646,7.169,0.0,0.2831,7.863,0.0,0.8282,7.496,0.0,0.7782,6.754,0.0,0.6984,7.61,0.0,0.8138,7.252,0.0,0.3663,7.182,7.5287500000000005,-0.3467500000000001,0.8560000000000008,0.41800000000000015,7.252
100,COc1cc2ncnc(Nc3cccc(C(C)(C)OCc4ccccc4)c3)c2cc1OC,0.6266956749276988,7.383657735818042,45.66998288462229,1.251947601228897,0.6607142857142857,random100,7.45,0.0,0.9251,6.672,0.0,0.3661,7.431,0.0,0.8862,7.182,0.0,0.8123,6.341,0.0,0.6945,7.159,0.0,0.8795,7.312,0.0,0.4667,6.75,7.18375,-0.43374999999999986,0.8179999999999996,0.7780000000000005,7.312
101,COc1cc2ncnc(Nc3cccc(C(CO)CNC(=O)Nc4ccccc4)c3)c2cc1OC,0.7069706384165263,6.384716177902729,67.58716796645675,0.5169945153632375,0.6153846153846154,random100,7.068,0.0,0.666,7.246,0.0,0.5541,7.54,0.0,0.7834,7.849,0.0,0.855,5.982,0.0,0.3918,7.51,0.0,0.7658,7.413,0.0,0.4166,6.746,7.42575,-0.6797499999999994,1.5279999999999996,0.17800000000000082,7.413
102,COc1cc2ncnc(Nc3cccc(-c4nc5cc(Cl)ccc5o4)c3)c2cc1OC,0.7641030051960556,7.374218785390631,55.47027995442318,1.2970420456918252,0.6727272727272727,random100,6.775,0.0,0.4953,7.124,0.0,0.6251,7.652,0.0,0.9026,7.151,0.0,0.774,6.08,0.0,0.5812,7.041,0.0,0.7607,7.218,0.0,0.3379,6.5605,7.1755,-0.6150000000000002,0.9610000000000003,0.3489999999999993,7.218
103,COc1cc2ncnc(Nc3ccc(Cl)c(Cl)c3)c2cc1NC(=O)Nc1ccccc1,0.8117740336835201,7.061861748031353,64.22046982773801,0.8530002742711948,0.6438356164383562,random100,7.655,0.0,0.7334,7.506,0.0,0.6874,7.934,0.0,0.9521,7.975,0.0,0.95,6.718,0.0,0.4472,7.735,0.0,0.8852,7.727,0.0,0.4329,7.2265,7.7675,-0.5410000000000004,1.0170000000000003,0.14900000000000002,7.727
104,COc1cc2ncnc(Nc3cccc(C(CO)c4cccc(N(C)C)c4)c3)c2cc1Cl,0.7606857478244886,6.586630330638707,67.9413207827639,0.7539125245268964,0.5466666666666666,random100,7.53,0.0,0.81,7.279,0.0,0.394,6.803,0.0,0.3159,7.376,0.0,0.753,6.767,0.0,0.6025,7.0,0.0,0.6912,7.429,0.0,0.3456,6.8835,7.247000000000001,-0.36350000000000104,0.23299999999999965,0.25100000000000033,7.429
105,CNCCOCc1cccc(Nc2ncnc3cc(OC)c(OC)cc23)c1,0.8472687762411961,7.717646903777321,59.93228223048258,0.8745959279937454,0.6111111111111112,random100,6.597,0.0,0.7672,6.233,0.0,0.6827,6.653,0.0,0.8669,6.912,0.0,0.9124,5.61,0.0,0.5818,6.782,0.0,0.8938,7.272,0.0,0.7817,6.196,6.59875,-0.40275000000000016,1.1719999999999997,0.36400000000000077,7.272
106,CCC(=O)c1c(O)cccc1Nc1ncnc2cc(OC)c(OC)cc12,0.469691456618829,6.415156995841887,41.15608990797063,0.985975522879595,0.5636363636363636,random100,7.22,0.0,0.966,7.058,0.0,0.9731,7.196,0.0,0.9709,7.272,0.0,0.9837,6.075,0.0,0.8175,6.853,0.0,0.9548,7.219,0.0,0.7882,6.464,7.186499999999999,-0.7224999999999984,0.7779999999999996,0.16199999999999992,7.219
107,COc1cc2ncnc(Nc3cccc(OC(C)C)c3)c2cc1OC,0.62890548616086,6.759200487568184,50.282798293039626,1.2139793746050531,0.6875,random100,6.759,0.0,0.8233,6.666,0.0,0.9072,6.998,0.0,0.9616,6.832,0.0,0.943,5.968,0.0,0.8909,6.537,0.0,0.879,6.939,0.0,0.6595,6.2524999999999995,6.813750000000001,-0.5612500000000011,0.569,0.09299999999999997,6.939
108,CCc1cccc(C(F)(F)F)c1CC(C)(F)c1cccc(Nc2ncnc3cc(OC)c(OC)cc23)c1,0.4659766397994119,7.01496919981573,37.070424034150754,1.0236211421171282,0.6666666666666666,random100,6.482,0.0,0.1456,7.089,0.0,0.5169,7.247,0.0,0.4836,6.938,0.0,0.2741,6.273,0.0,0.3113,7.391,0.0,0.691,6.8,0.0,0.2637,6.832,6.939,-0.1070000000000002,1.1180000000000003,0.6070000000000002,6.8
109,CCCS(=O)(=O)c1ccccc1C(C)(F)c1cccc(Nc2ncnc3cc(OC)c(OC)cc23)c1,0.8616037839073867,7.3141724529506815,69.53394487852424,0.6705147309931574,0.6290322580645161,random100,7.119,0.0,0.6502,6.674,0.0,0.3337,7.768,0.0,0.7842,7.0,0.0,0.4746,6.408,0.0,0.6417,7.658,0.0,0.873,7.594,0.0,0.3214,7.033,7.14025,-0.10724999999999962,1.25,0.4449999999999994,7.594
110,COc1cc2ncnc(Nc3cccc(Cl)c3)c2cc1C(F)(F)F,0.8229553999880037,7.485380386392309,59.564955625194045,1.3423757412421442,0.7708333333333334,random100,6.899,0.0,0.9033,7.086,0.0,0.9776,7.182,0.0,0.956,6.757,0.0,0.9527,6.41,0.0,0.6126,6.705,0.0,0.9244,7.097,0.0,0.7171,6.5575,6.981,-0.42349999999999977,0.29499999999999993,0.18700000000000028,7.097
111,COc1cc2ncnc(Nc3cccc(C(CO)Cc4cc(F)ccc4F)c3)c2cc1OC,0.7940949329808376,7.363875219239134,61.62981594931234,0.4831025796394101,0.6271186440677966,random100,7.994,0.0,0.9028,7.537,0.0,0.7927,8.136,0.0,0.9748,7.68,0.0,0.8307,6.862,0.0,0.8139,7.552,0.0,0.9043,7.988,0.0,0.7696,7.207,7.836749999999999,-0.6297499999999996,0.6899999999999995,0.45699999999999985,7.988
112,COCC(COC)c1cccc(Nc2ncnc3cc(OC)c(OC)cc23)c1,0.6849464014227994,7.5216962114182895,48.73867774507427,1.1009379164399633,0.68,random100,6.536,0.0,0.7394,6.541,0.0,0.8089,6.505,0.0,0.8538,6.71,0.0,0.7379,5.815,0.0,0.6477,6.725,0.0,0.8447,7.051,0.0,0.4571,6.27,6.573,-0.3030000000000008,0.9099999999999993,0.005000000000000782,7.051
113,CCOCCC(C)(F)c1cccc(Nc2ncnc3cc(OC)c(OC)cc23)c1,0.8546354344005975,7.575262829195468,61.80890058449131,1.1085856892422077,0.6964285714285714,random100,6.682,0.0,0.6998,7.073,0.0,0.683,7.64,0.0,0.9547,6.813,0.0,0.7983,6.049,0.0,0.6237,6.62,0.0,0.8687,7.135,0.0,0.4636,6.3345,7.052,-0.7174999999999994,0.5709999999999997,0.391,7.135
114,COc1cc2ncnc(Nc3cccc(C(CO)c4ccc(C(C)(C)C)cc4)c3)c2cc1OC,0.7326909919704829,6.821618906711218,63.56086876679371,0.4061001449811145,0.5737704918032787,random100,7.315,0.0,0.7026,6.813,0.0,0.5976,7.191,0.0,0.8622,7.277,0.0,0.8595,6.53,0.0,0.7882,7.094,0.0,0.8354,7.403,0.0,0.3972,6.812,7.149,-0.33699999999999974,0.5640000000000001,0.5020000000000007,7.403
115,COc1cc2ncnc(Nc3cccc(Cc4cnc[nH]4)c3)c2cc1OC,0.7266881076165125,7.307396192002908,53.19694866170019,0.8956548679343006,0.5892857142857143,random100,7.101,0.0,0.8032,7.058,0.0,0.7887,7.481,0.0,0.8936,6.288,0.0,0.8125,6.388,0.0,0.6874,6.985,0.0,0.8111,7.234,0.0,0.6219,6.6865000000000006,6.982,-0.29549999999999965,0.5970000000000004,0.04300000000000015,7.234
116,COc1cc2ncnc(Nc3cccc(C(C)(F)F)c3)c2cc1OCc1ccccc1,0.8095470816292751,7.298922098114276,60.24512866824501,1.274202245782193,0.7090909090909091,random100,7.036,0.0,0.7824,7.371,0.0,0.9471,7.381,0.0,0.9201,7.509,0.0,0.9359,6.281,0.0,0.7365,7.102,0.0,0.898,7.221,0.0,0.4324,6.6915,7.32425,-0.6327500000000006,0.8210000000000006,0.33500000000000085,7.221
117,COc1cc2ncnc(Nc3cccc(C(C)(CO)C(N)=O)c3)c2cc1OC,0.7688115238707351,7.47018202735836,56.38693983716522,0.6446750597600124,0.6491228070175439,random100,7.241,0.0,0.8358,7.244,0.0,0.849,7.563,0.0,0.9702,7.072,0.0,0.8792,6.044,0.0,0.6658,7.1,0.0,0.9045,6.552,0.0,0.576,6.571999999999999,7.279999999999999,-0.7080000000000002,1.056,0.0030000000000001137,6.552
118,COc1cc2ncnc(Nc3ccc(Cc4ccccc4F)cc3)c2cc1OC,0.6768451447119553,6.68838593790553,54.94022208106731,1.1998168450768003,0.66,random100,6.902,0.0,0.6359,6.877,0.0,0.6834,7.739,0.0,0.9877,7.071,0.0,0.8649,6.161,0.0,0.8204,6.871,0.0,0.7606,7.211,0.0,0.5494,6.516,7.14725,-0.6312499999999996,0.7100000000000009,0.025000000000000355,7.211
119,COc1cc2ncnc(Nc3cccc(-c4cnn(C5CCNCC5)c4)c3)c2cc1OC,0.7485735466138439,7.2563593875880334,67.68462746082486,0.081491647886664,0.6111111111111112,random100,7.221,0.0,0.6677,6.853,0.0,0.605,6.96,0.0,0.3781,6.952,0.0,0.6083,5.848,0.0,0.5489,6.751,0.0,0.6327,7.742,0.0,0.5695,6.2995,6.996499999999999,-0.6969999999999992,0.9030000000000005,0.3680000000000003,7.742
120,COc1cc2ncnc(Nc3cccc(C(CO)COCCO)c3)c2cc1OC,0.83257830987689,7.459129580432801,61.04789056595632,0.8616375514219509,0.5862068965517241,random100,6.82,0.0,0.7791,6.577,0.0,0.7936,7.177,0.0,0.8622,6.771,0.0,0.7674,5.933,0.0,0.7681,6.836,0.0,0.8826,7.26,0.0,0.5919,6.3845,6.83625,-0.45174999999999965,0.9030000000000005,0.24300000000000033,7.26
121,COc1cc2ncnc(Nc3cccc(C(=O)COC(=O)c4ccccc4OC)c3)c2cc1OC,0.5355512202600886,6.470484325334682,45.69375439641089,1.0226093683427568,0.6190476190476191,random100,7.232,0.0,0.7715,7.028,0.0,0.6357,7.121,0.0,0.7793,7.48,0.0,0.77,5.854,0.0,0.5114,7.196,0.0,0.8907,7.057,0.0,0.4985,6.525,7.21525,-0.6902499999999998,1.3419999999999996,0.20400000000000063,7.057
122,CCOc1cc2c(Nc3cccc(C(CO)c4cccc(F)c4)c3)ncnc2cc1OC,0.809833788147354,7.750838741921802,57.48664540213938,0.6703599268995143,0.7017543859649122,random100,7.433,0.0,0.7314,7.844,0.0,0.9467,7.867,0.0,0.9497,7.663,0.0,0.9092,6.186,0.0,0.6716,7.409,0.0,0.9353,7.422,0.0,0.5218,6.797499999999999,7.7017500000000005,-0.9042500000000011,1.2229999999999999,0.4110000000000005,7.422
123,COc1cc2ncnc(Nc3cccc(C(C)(C)CC(C)(C)CO)c3)c2cc1OC,0.7993676819601924,7.523217588469996,57.12953279171767,1.1599738833989677,0.6727272727272727,random100,7.48,0.0,0.7196,7.134,0.0,0.8265,7.803,0.0,0.9155,7.188,0.0,0.871,6.645,0.0,0.7478,7.213,0.0,0.8635,7.692,0.0,0.519,6.929,7.40125,-0.47224999999999984,0.5680000000000005,0.3460000000000001,7.692
124,COc1cc2ncnc(Nc3cccc(C(CO)c4ccc(C(F)(F)F)cc4)c3)c2cc1OC,0.7600752699323693,6.809951957692554,72.21332367227812,0.3461381277100979,0.6724137931034483,random100,6.733,0.0,0.5536,7.18,0.0,0.7049,7.392,0.0,0.8398,7.06,0.0,0.8231,6.179,0.0,0.609,7.117,0.0,0.7824,7.25,0.0,0.3247,6.648,7.09125,-0.4432499999999999,0.9379999999999997,0.44700000000000006,7.25
125,COc1cc2ncnc(Nc3cccc(C(C)(F)CCC4CCCCC4)c3)c2cc1OC,0.7782082200710745,7.722492390906968,54.544061067741886,0.775396089683187,0.6610169491525424,random100,7.439,0.0,0.7313,7.026,0.0,0.6879,7.715,0.0,0.8918,7.152,0.0,0.7801,6.554,0.0,0.639,7.404,0.0,0.8011,7.535,0.0,0.4615,6.979,7.333,-0.3540000000000001,0.8499999999999996,0.41300000000000026,7.535
126,CCc1ccc(OC)c(C(CO)c2cccc(Nc3ncnc4cc(OC)c(OC)cc34)c2)c1,0.5469227850987104,6.768557176844394,45.05121833067501,0.6345854321698193,0.5517241379310345,random100,6.73,0.0,0.5033,6.512,0.0,0.317,7.753,0.0,0.8848,6.996,0.0,0.7305,6.405,0.0,0.7027,7.266,0.0,0.6825,7.648,0.0,0.4165,6.8355,6.99775,-0.16225000000000023,0.8609999999999998,0.21800000000000086,7.648
127,CCCc1ccccc1CC(C)(F)c1cccc(Nc2ncnc3cc(OC)c(OC)cc23)c1,0.6776498614718622,6.642456766638015,55.55525990532171,1.1273323122275078,0.6842105263157895,random100,7.374,0.0,0.7049,6.757,0.0,0.2007,7.541,0.0,0.7146,6.999,0.0,0.3949,6.457,0.0,0.5262,7.411,0.0,0.7477,7.68,0.0,0.3811,6.933999999999999,7.16775,-0.23375000000000057,0.9539999999999997,0.617,7.68
128,COc1cc2ncnc(Nc3cccc(CN)c3C)c2cc1OC,0.6765132678959173,6.814966141912172,53.86313400536545,0.8147749649898773,0.6078431372549019,random100,6.641,0.0,0.8429,6.806,0.0,0.9447,6.893,0.0,0.9183,6.677,0.0,0.9185,5.32,0.0,0.4571,6.554,0.0,0.8773,6.971,0.0,0.6402,5.937,6.75425,-0.8172499999999996,1.234,0.16500000000000004,6.971
129,COc1cc2ncnc(Nc3cccc(C(=O)Nc4c(C)cc(C)cc4C)c3)c2cc1OC,0.6232260671258818,6.560582423990571,51.767383125680894,1.0539553393896437,0.7068965517241379,random100,6.754,0.0,0.2543,6.915,0.0,0.2513,7.313,0.0,0.6849,7.051,0.0,0.6235,6.165,0.0,0.4031,6.852,0.0,0.4525,7.556,0.0,0.3619,6.5085,7.00825,-0.4997500000000006,0.6870000000000003,0.16100000000000048,7.556
130,COc1cc2ncnc(Nc3cccc(C(C)(CO)CCc4cc[nH]c4)c3)c2cc1OC,0.6934790049013401,7.478705241785493,49.56950716318239,0.9709047658367892,0.578125,random100,7.126,0.0,0.6941,6.937,0.0,0.5732,7.879,0.0,0.9483,7.156,0.0,0.7169,6.697,0.0,0.6793,7.373,0.0,0.814,7.795,0.0,0.5816,7.035,7.2745,-0.2394999999999996,0.6760000000000002,0.18900000000000006,7.795
131,COc1cc2ncnc(Nc3cccc(C(C)COCC(N)=O)c3)c2cc1OC,0.7006269498681987,7.411841816970815,50.54642108159008,0.9042252416720508,0.5689655172413793,random100,6.773,0.0,0.8645,6.634,0.0,0.69,7.423,0.0,0.9442,6.805,0.0,0.8361,6.039,0.0,0.5854,6.796,0.0,0.8223,7.379,0.0,0.6244,6.4175,6.9087499999999995,-0.4912499999999991,0.7570000000000006,0.13899999999999935,7.379
132,CCOc1cc2c(Nc3cccc(C(CO)c4ccc(Cl)cc4)c3)ncnc2cc1OC,0.6499600780294017,7.482108585494914,47.43742381355073,0.6685962934303961,0.6333333333333333,random100,7.112,0.0,0.645,6.89,0.0,0.4217,7.633,0.0,0.8816,7.156,0.0,0.8917,6.681,0.0,0.8369,7.057,0.0,0.8232,7.49,0.0,0.5146,6.869,7.197749999999999,-0.32874999999999943,0.37600000000000033,0.22200000000000042,7.49
133,COc1cc2ncnc(Nc3cccc(C(C)(F)C(F)CO)c3)c2cc1OC,0.9197535905474656,7.628774899770693,73.67440426020266,0.834351854787768,0.7090909090909091,random100,7.485,0.0,0.8881,7.355,0.0,0.8696,7.193,0.0,0.893,6.733,0.0,0.8104,6.017,0.0,0.6216,6.615,0.0,0.8884,7.209,0.0,0.5173,6.316000000000001,7.1915000000000004,-0.8754999999999997,0.5979999999999999,0.1299999999999999,7.209
134,COc1cc2ncnc(Nc3cccc(C(C)(F)c4ccccc4C)c3)c2cc1OC,0.8927016325922953,7.349524635943336,75.98848399056962,1.3325715991181435,0.7222222222222222,random100,7.022,0.0,0.7861,6.832,0.0,0.7418,7.448,0.0,0.8192,7.029,0.0,0.7967,6.743,0.0,0.8036,7.142,0.0,0.8703,7.094,0.0,0.4585,6.942500000000001,7.08275,-0.1402499999999991,0.399,0.1900000000000004,7.094
135,COc1cc2ncnc(Nc3ccccc3S(=O)(=O)C(C)C)c2cc1OC,0.6687798821543139,6.2468455951837365,60.59393190547812,1.1042073679725677,0.6274509803921569,random100,7.185,0.0,0.9523,6.874,0.0,0.851,6.624,0.0,0.8552,7.125,0.0,0.9735,6.09,0.0,0.7996,7.006,0.0,0.9361,7.256,0.0,0.6435,6.548,6.952,-0.4039999999999999,0.9160000000000004,0.31099999999999994,7.256
136,CCOc1cc2c(Nc3cccc(C(C)(F)c4ccn(C)c4)c3)ncnc2cc1OC,0.7480451354871093,7.809663885716872,51.44133491587159,1.0621167055896164,0.6290322580645161,random100,7.247,0.0,0.7276,7.004,0.0,0.7605,6.994,0.0,0.8388,7.144,0.0,0.8658,6.939,0.0,0.8536,7.4,0.0,0.8594,7.649,0.0,0.5604,7.1695,7.097249999999999,0.07225000000000126,0.4610000000000003,0.24300000000000033,7.649
137,COc1cc2ncnc(Nc3cccc(Cc4ccccn4)c3)c2cc1OC,0.3777486337491667,7.212696196748793,30.08878070410688,1.168315226502553,0.6842105263157895,random100,6.989,0.0,0.7597,7.056,0.0,0.7716,7.85,0.0,0.9908,7.4,0.0,0.9151,6.817,0.0,0.7988,7.262,0.0,0.8793,7.27,0.0,0.5949,7.0395,7.32375,-0.2842500000000001,0.4449999999999994,0.06700000000000017,7.27
138,COc1cc2ncnc(Nc3cccc(C(C)(F)Cc4ccccc4)c3O)c2cc1OC,0.7143375301850708,6.88608206142101,56.013310776256496,1.184848204904028,0.6379310344827587,random100,7.149,0.0,0.606,6.047,0.0,0.1342,7.723,0.0,0.9209,7.016,0.0,0.7228,6.55,0.0,0.8001,6.846,0.0,0.628,7.525,0.0,0.3698,6.698,6.983750000000001,-0.28575000000000017,0.29600000000000026,1.1020000000000003,7.525
139,COc1cc2ncnc(Nc3cccc(C(CO)c4ccc(CN5CCOCC5)cc4)c3)c2cc1OC,0.7928196823730008,7.151410682937019,62.8527576748824,0.5879957971437774,0.5584415584415584,random100,7.391,0.0,0.6854,7.093,0.0,0.4736,6.839,0.0,0.4322,6.962,0.0,0.4765,6.168,0.0,0.4507,7.122,0.0,0.5372,7.373,0.0,0.4388,6.645,7.07125,-0.42625000000000046,0.9539999999999997,0.29800000000000004,7.373
140,CCOc1cc2c(Nc3cccc(C(CO)c4ccccc4Cl)c3)ncnc2cc1OC,0.7812467007364161,7.285620931310745,57.9491067117223,0.8600732213747537,0.5967741935483871,random100,7.153,0.0,0.742,7.617,0.0,0.8093,7.703,0.0,0.8647,7.452,0.0,0.8911,7.027,0.0,0.8637,7.449,0.0,0.8571,7.816,0.0,0.6954,7.2379999999999995,7.481249999999999,-0.24324999999999974,0.4219999999999997,0.4640000000000004,7.816
141,COc1cc2ncnc(Nc3cccc(C(C)(C)CC(C)(F)Oc4ccccc4)c3)c2cc1OC,0.863322168488493,7.287265924024806,67.29442882048767,1.361592095409672,0.6842105263157895,random100,7.422,0.0,0.6462,6.939,0.0,0.6262,7.848,0.0,0.859,7.269,0.0,0.7507,6.699,0.0,0.6418,7.545,0.0,0.8224,7.781,0.0,0.5188,7.122,7.3695,-0.2475000000000005,0.8460000000000001,0.48299999999999965,7.781
142,COc1cc2ncnc(Nc3cccc(C(N)=O)c3)c2cc1OCc1ccccc1,0.5041364557161803,6.384737997367971,44.27730290548472,0.8003986848326979,0.7166666666666667,random100,7.003,0.0,0.8598,7.217,0.0,0.9236,7.082,0.0,0.6792,7.383,0.0,0.9262,5.909,0.0,0.4901,7.157,0.0,0.9303,7.138,0.0,0.4126,6.5329999999999995,7.17125,-0.6382500000000002,1.2480000000000002,0.21399999999999952,7.138
143,COc1cc2ncnc(Nc3cccc(C(C)(C)Nc4ccccc4)c3)c2cc1OC,0.8680994391584657,7.388761742188574,66.06306815541444,1.362377247582532,0.7254901960784313,random100,7.348,0.0,0.8006,7.134,0.0,0.86,7.652,0.0,0.8713,7.127,0.0,0.8288,6.407,0.0,0.6677,7.319,0.0,0.8722,7.311,0.0,0.4371,6.8629999999999995,7.31525,-0.45225000000000026,0.9119999999999999,0.21399999999999952,7.311
144,COc1cc2ncnc(Nc3cccc(C(C)(C)OC(=O)Nc4ccccc4)c3)c2cc1OC,0.7120118733278978,6.218939720356258,68.53810924362767,1.0930612896551792,0.639344262295082,random100,6.971,0.0,0.6439,7.481,0.0,0.746,7.677,0.0,0.8969,7.241,0.0,0.835,6.395,0.0,0.719,7.122,0.0,0.8573,8.043,0.0,0.731,6.7585,7.342499999999999,-0.5839999999999996,0.7270000000000003,0.5099999999999998,8.043
145,COCC(CO)c1cccc(Nc2ncnc3cc(OC)c(OC4CCN(C)CC4)cc23)c1,0.8326407158328407,7.493875029305007,69.38230081587649,0.3270075831360551,0.6216216216216216,random100,7.444,0.0,0.7617,7.213,0.0,0.708,7.839,0.0,0.9469,7.621,0.0,0.9014,6.679,0.0,0.8351,7.394,0.0,0.9197,7.477,0.0,0.4624,7.0365,7.529250000000001,-0.4927500000000009,0.7149999999999999,0.23099999999999987,7.477
146,COc1cc2ncnc(Nc3cccc(C(C)(F)C(=O)CO)c3)c2cc1OC,0.8527230487133924,7.411677568826097,63.59419895633982,1.2424874773544652,0.7222222222222222,random100,6.981,0.0,0.8359,7.062,0.0,0.8273,7.317,0.0,0.9094,6.421,0.0,0.8754,6.018,0.0,0.7972,6.599,0.0,0.8452,7.08,0.0,0.5094,6.3085,6.94525,-0.6367499999999993,0.5810000000000004,0.0810000000000004,7.08
147,COc1cc2ncnc(Nc3cccc(C(C)(F)Cc4cc5cccnc5nc4N)c3)c2cc1OC,0.7065679486125689,7.096383857348056,55.15196117027007,0.5604374760003259,0.6,random100,7.635,0.0,0.7833,7.545,0.0,0.4631,7.626,0.0,0.7366,7.714,0.0,0.8069,6.917,0.0,0.6967,7.872,0.0,0.8531,7.957,0.0,0.4225,7.3945,7.630000000000001,-0.23550000000000093,0.9550000000000001,0.08999999999999986,7.957
148,COCC(O)(CC#N)c1cccc(Nc2ncnc3cc(OC)c(OC)cc23)c1,0.8254083198401967,7.347801176841646,61.96521471624855,0.7900995822162967,0.6271186440677966,random100,7.124,0.0,0.7551,6.807,0.0,0.8097,7.58,0.0,0.9725,6.868,0.0,0.8046,5.086,0.0,0.5089,7.044,0.0,0.9238,6.964,0.0,0.4402,6.0649999999999995,7.094750000000001,-1.0297500000000017,1.9579999999999993,0.3169999999999993,6.964
149,COc1cc2ncnc(Nc3cccc(C(C)(F)CCOC4CCOCC4)c3)c2cc1OCCN1CCNCC1,0.8298600872525786,7.283941460600031,90.61850179869008,0.3813120785121172,0.5581395348837209,random100,7.496,0.0,0.5766,7.38,0.0,0.4646,7.819,0.0,0.8009,7.754,0.0,0.7008,5.262,0.0,0.301,7.61,0.0,0.7624,7.812,0.0,0.3197,6.436,7.6122499999999995,-1.1762499999999996,2.3480000000000008,0.11600000000000055,7.812
150,COc1cc2ncnc(Nc3ccc(Cl)cc3)c2cc1OC,0.6163284186532412,6.509647573718693,51.73295841436631,1.2686587626210797,0.775,diverse50,6.57,0.0,0.944,6.45,0.0,0.9528,6.996,0.0,0.9605,6.433,0.0,0.9587,5.879,0.0,0.7306,6.349,0.0,0.9199,6.48,0.0,0.61,6.114,6.6122499999999995,-0.49824999999999964,0.47000000000000064,0.1200000000000001,6.48
151,O=C(Nc1ccccc1C(=O)O)c1cccnc1,0.5489889216352125,5.206288307695351,80.4422986282125,1.0299023578399786,0.4166666666666667,diverse50,5.677,0.0,0.7943,5.751,0.0,0.7815,5.418,0.0,0.7819,4.698,0.0,0.8141,5.155,0.0,0.7529,4.866,0.0,0.7583,5.416,0.0,0.7437,5.0105,5.386,-0.3754999999999997,0.2890000000000006,0.07400000000000073,5.416
152,Cc1sc(NCCN2CCOCC2)nc1-c1ccccc1,0.3542341367599585,5.23140875753731,42.92232054752053,0.6778675716685987,0.4,diverse50,6.868,0.0,0.8774,5.965,0.0,0.6158,6.266,0.0,0.7222,5.747,0.0,0.8427,4.318,0.0,0.6459,6.466,0.0,0.9253,6.539,0.0,0.7869,5.3919999999999995,6.2115,-0.8195000000000006,2.1480000000000006,0.9030000000000005,6.539
153,Cc1c(C(=O)Nc2cccc(C(F)(F)F)c2)c(Cl)cn1C,0.5493210991438711,5.208202130688521,85.25072035634776,1.0255829959258949,0.3968253968253968,diverse50,6.105,0.0,0.8777,6.164,0.0,0.9262,6.097,0.0,0.5267,6.084,0.0,0.6464,5.776,0.0,0.6208,5.784,0.0,0.8674,6.419,0.0,0.7055,5.779999999999999,6.1125,-0.33250000000000046,0.008000000000000007,0.058999999999999275,6.419
154,CNCCc1c[nH]c2ccc(OC)cc12,0.665281111845208,5.995735481391926,66.83391286081692,0.851138164509378,0.4150943396226415,diverse50,5.061,0.0,0.6263,4.437,0.0,0.4981,4.733,0.0,0.8707,4.813,0.0,0.8728,3.57,0.0,0.7104,4.504,0.0,0.7501,4.467,0.0,0.579,4.037,4.761,-0.7240000000000002,0.9339999999999997,0.6239999999999997,4.467
155,c1ccc(CNc2ncnc3c2cnn3-c2ccccc2)cc1,0.3833076061100238,5.736664183825244,40.4485742540037,0.6734084152034244,0.5581395348837209,diverse50,6.556,0.0,0.8561,6.645,0.0,0.8863,6.921,0.0,0.9402,6.945,0.0,0.9603,5.782,0.0,0.7507,6.76,0.0,0.96,6.661,0.0,0.7009,6.271,6.76675,-0.49575000000000014,0.9779999999999998,0.08899999999999952,6.661
156,Clc1ccc2[nH]c(-c3ccccc3)nc2c1,0.4380147893468136,4.756021795077974,61.62041640867698,0.9485730848080676,0.5106382978723404,diverse50,5.791,0.0,0.8069,5.898,0.0,0.7537,5.44,0.0,0.6866,5.68,0.0,0.8676,5.117,0.0,0.8341,5.53,0.0,0.9285,5.571,0.0,0.5826,5.3235,5.70225,-0.37875000000000014,0.41300000000000026,0.10699999999999932,5.571
157,O=C(Nc1ccc(S(=O)(=O)Nc2ccccn2)cc1)c1nn[nH]c1Cl,0.2454145694461952,5.399767541664143,30.24331487348088,0.5751262866122198,0.4444444444444444,diverse50,6.613,0.0,0.6514,6.328,0.0,0.55,7.326,0.0,0.914,6.865,0.0,0.8299,5.97,0.0,0.748,6.468,0.0,0.7253,5.947,0.0,0.6447,6.218999999999999,6.7829999999999995,-0.5640000000000001,0.4980000000000002,0.28500000000000014,5.947
158,COc1ccc(CNC(=O)c2ccc3oc4ccccc4c3c2)cc1,0.3356311142779116,5.077501160531926,42.1125781407197,1.0835225913489823,0.4406779661016949,diverse50,6.047,0.0,0.8221,5.621,0.0,0.7524,6.291,0.0,0.7674,6.037,0.0,0.8265,5.049,0.0,0.7307,5.894,0.0,0.7957,5.816,0.0,0.5043,5.471500000000001,5.999,-0.527499999999999,0.8449999999999998,0.42599999999999927,5.816
159,O=C(Nc1ccc(Oc2ccnc(NC(=O)C3CC3)c2)cc1)Nc1ccc(Cl)c(C(F)(F)F)c1,0.7910719254488028,7.001164328678337,91.02907581073502,0.3617505948083252,0.6507936507936508,diverse50,5.658,0.0,0.2171,6.754,0.0,0.303,7.061,0.0,0.268,6.963,0.0,0.2979,6.352,0.0,0.543,6.811,0.0,0.5292,7.129,0.0,0.373,6.5815,6.609,-0.027499999999999858,0.45899999999999963,1.0959999999999992,7.129
160,Clc1ccc2c(Nc3cccc(Cn4cncn4)c3)ccnc2c1,0.6366081717126906,6.047860770692335,62.68427011943114,0.610601678486817,0.4393939393939394,diverse50,6.675,0.0,0.73,6.623,0.0,0.6481,7.438,0.0,0.9608,7.059,0.0,0.8666,6.029,0.0,0.6881,6.922,0.0,0.8349,7.722,0.0,0.7755,6.4755,6.94875,-0.47325000000000017,0.8929999999999998,0.0519999999999996,7.722
161,O=C(O)CCC(=O)Nc1ccc(-c2nc3cc(Cl)ccc3s2)cc1,0.5953109253607491,5.524656695790348,77.56892810432483,0.6958192852361864,0.4285714285714285,diverse50,6.279,0.0,0.363,6.164,0.0,0.4238,6.855,0.0,0.5737,6.192,0.0,0.4703,4.995,0.0,0.7497,5.982,0.0,0.8566,6.51,0.0,0.3213,5.4885,6.3725000000000005,-0.8840000000000003,0.9870000000000001,0.11500000000000021,6.51
162,COc1cccc(C(=O)Nc2ccc(C(=O)O)cn2)c1,0.7162856907102014,6.170118664398358,76.669936301334,1.179507330465828,0.4629629629629629,diverse50,5.52,0.0,0.8891,5.258,0.0,0.7317,5.734,0.0,0.8109,5.042,0.0,0.7145,5.135,0.0,0.8488,5.536,0.0,0.9331,5.019,0.0,0.7118,5.3355,5.3885000000000005,-0.053000000000000824,0.4009999999999998,0.26199999999999957,5.019
163,COc1cc2ncnc(Nc3cccc(C(C)(F)CC4CCOCC4)n3)c2cc1OCC1CCN(C)CC1,0.5914396370046067,6.282236757998103,54.06563314000674,0.5428398973821527,0.573170731707317,diverse50,7.672,0.0,0.6421,7.472,0.0,0.2974,8.163,0.0,0.9144,7.658,0.0,0.6658,6.381,0.0,0.2667,7.256,0.0,0.641,8.129,0.0,0.3418,6.8185,7.741250000000001,-0.9227500000000006,0.875,0.1999999999999993,8.129
164,O=C(Nc1cccc(C(F)(F)F)c1)c1c[nH]c(Cl)c1CN1CCN(c2ccccn2)CC1,0.5989480126742145,5.748710193216158,69.9290151815994,0.3929791770757921,0.4324324324324324,diverse50,7.563,0.0,0.7748,7.515,0.0,0.7574,7.144,0.0,0.5299,7.42,0.0,0.8347,5.692,0.0,0.3943,7.513,0.0,0.8883,7.429,0.0,0.5565,6.6025,7.410500000000001,-0.8080000000000007,1.8209999999999997,0.04800000000000004,7.429
165,COc1ccccc1CNC(=O)c1cccc(Nc2ncnc3cc(OC)c(OCCN4CCOCC4)cc23)c1,0.7086579477496232,6.353647790451209,63.790065908077416,0.9633624174833753,0.6627906976744186,diverse50,7.389,0.0,0.5372,6.996,0.0,0.5299,7.611,0.0,0.6526,7.268,0.0,0.6466,6.397,0.0,0.4909,7.387,0.0,0.6704,7.295,0.0,0.2893,6.8919999999999995,7.316000000000001,-0.42400000000000126,0.9899999999999993,0.3929999999999998,7.295
166,COc1cc2ncnc(Nc3cccc(F)c3OC)c2cc1N1CCN(C)CC1,0.5381310936101846,6.643687000904396,44.54400505132312,0.8953736539763077,0.5689655172413793,diverse50,7.711,0.0,0.9474,7.565,0.0,0.9568,7.353,0.0,0.8806,7.365,0.0,0.9473,5.893,0.0,0.3972,6.962,0.0,0.8013,7.399,0.0,0.6837,6.4275,7.4985,-1.0709999999999997,1.069,0.1459999999999999,7.399
167,COc1cc2ncnc(Nc3ccc(Cl)c(F)c3C)c2cc1OCCN1CCC2=C1COC2,0.7835057803938537,7.594150151853502,55.30474586650497,1.1712960337647955,0.5679012345679012,diverse50,7.983,0.0,0.9171,7.986,0.0,0.9711,7.657,0.0,0.8298,7.955,0.0,0.9514,6.491,0.0,0.478,7.715,0.0,0.8837,7.659,0.0,0.4763,7.103,7.895249999999999,-0.7922499999999992,1.2240000000000002,0.0030000000000001137,7.659
168,CN1Cc2ccccc2Oc2ccc(Nc3ccnc4cc(Cl)ccc34)cc2C1=O,0.6554948279786137,6.182471491986866,61.51838616224505,0.6914749710779177,0.410958904109589,diverse50,6.958,0.0,0.5242,6.845,0.0,0.4429,6.998,0.0,0.4896,7.041,0.0,0.7876,5.643,0.0,0.6665,6.842,0.0,0.8309,7.262,0.0,0.326,6.2425,6.960500000000001,-0.7180000000000009,1.1989999999999998,0.11300000000000043,7.262
169,COc1ccc(NC(=O)CNC(=O)c2cccnc2)cc1,0.6071649620206278,5.539521101069036,76.8541447753725,1.0759374086770752,0.396551724137931,diverse50,5.846,0.0,0.7265,6.356,0.0,0.6565,6.381,0.0,0.8534,6.233,0.0,0.9358,4.098,0.0,0.8181,5.271,0.0,0.9095,5.829,0.0,0.5846,4.6845,6.204,-1.5194999999999999,1.173,0.5099999999999998,5.829
170,O=C(Nc1ccc(-c2nc3ccccc3s2)cc1)c1cccc(C(F)(F)F)c1,0.4596495175213362,5.150456443404195,58.39113758528792,0.4809972883304936,0.46875,diverse50,6.426,0.0,0.6992,6.697,0.0,0.656,7.017,0.0,0.7671,6.298,0.0,0.5607,5.359,0.0,0.5802,6.337,0.0,0.6874,5.445,0.0,0.468,5.848,6.609500000000001,-0.7615000000000007,0.9779999999999998,0.2709999999999999,5.445
171,COc1cc2ncnc(Nc3cccc(C(C)(C)CCOCCNCCC(=O)N(C)C)c3)c2cc1OC,0.8153411470873664,7.779157999685044,57.036776989247166,0.7864941268391158,0.5285714285714286,diverse50,7.302,0.0,0.648,7.04,0.0,0.5433,7.269,0.0,0.5082,7.291,0.0,0.6591,6.458,0.0,0.6183,7.52,0.0,0.6749,7.536,0.0,0.3375,6.989,7.225499999999999,-0.2364999999999995,1.0619999999999994,0.26199999999999957,7.536
172,COc1cc2ncnc(Nc3ccc(-c4nnco4)cc3NC(=O)CC3CCN(C)CC3)c2cc1OC,0.7081740162311332,6.824351021749022,63.12578225969197,0.2688790506300315,0.5060240963855421,diverse50,7.67,0.0,0.7382,7.871,0.0,0.63,7.916,0.0,0.8004,7.396,0.0,0.6059,6.642,0.0,0.484,7.84,0.0,0.6922,7.378,0.0,0.4401,7.241,7.71325,-0.4722500000000007,1.1979999999999995,0.2010000000000005,7.378
173,CCOc1cc2c(Nc3cccc(-c4cnn(C5CCNCC5)c4)c3)ncnc2cc1OC,0.679538281262485,7.188652325117254,56.50260605368914,0.1984881781059924,0.5797101449275363,diverse50,7.002,0.0,0.5645,6.892,0.0,0.4083,7.028,0.0,0.3204,7.066,0.0,0.6211,6.337,0.0,0.6782,7.047,0.0,0.6168,7.788,0.0,0.569,6.692,6.997,-0.3049999999999997,0.71,0.10999999999999943,7.788
174,COc1cc2ncnc(Nc3cccc(C(CO)c4csc(N5CCCC5)n4)c3)c2cc1OC,0.7542134547805497,7.222791335211201,57.74176462279115,0.6022001172861842,0.4864864864864865,diverse50,7.125,0.0,0.6164,6.533,0.0,0.1587,7.571,0.0,0.5487,7.193,0.0,0.6354,6.409,0.0,0.5486,7.585,0.0,0.8675,7.758,0.0,0.4332,6.997,7.105499999999999,-0.10849999999999937,1.1760000000000002,0.5919999999999996,7.758
175,COc1cc2ncnc(Nc3cccc(COCc4cn(Cc5ccccc5F)nn4)c3)c2cc1OC,0.681391910178857,7.144856070197398,51.12688223961578,0.8715408703244019,0.550561797752809,diverse50,6.839,0.0,0.4346,7.977,0.0,0.7514,7.371,0.0,0.5585,7.619,0.0,0.8459,6.985,0.0,0.7661,7.786,0.0,0.8437,8.029,0.0,0.5984,7.3855,7.4515,-0.06599999999999984,0.8009999999999993,1.138,8.029
176,O=C(Nc1ccc(S(=O)(=O)Nc2ncccn2)cc1)c1ccc(S(=O)(=O)CCOc2ccccc2Cl)cc1,0.2419936398699615,5.179676233841073,32.9005723775047,0.341638341581602,0.4084507042253521,diverse50,6.903,0.0,0.3595,6.848,0.0,0.3983,7.158,0.0,0.5775,7.201,0.0,0.4015,5.897,0.0,0.3417,7.098,0.0,0.7169,6.54,0.0,0.2363,6.4975000000000005,7.0275,-0.5299999999999994,1.2009999999999996,0.054999999999999716,6.54
177,COc1cc2ncnc(Nc3cccc(-c4n[nH]cc4NC(=O)c4cccs4)c3)c2cc1OC,0.391204484040513,7.27170060279952,32.06014712178549,0.4757699387693949,0.5373134328358209,diverse50,7.434,0.0,0.5759,7.08,0.0,0.2045,7.093,0.0,0.4916,7.409,0.0,0.6883,6.893,0.0,0.5694,7.62,0.0,0.8194,7.927,0.0,0.4311,7.2565,7.254,0.002500000000000391,0.7270000000000003,0.3540000000000001,7.927
178,COc1cc2ncnc(Nc3cccc(C(C)(C)C)c3)c2c(OC)c1OC,0.8970497554340497,7.6554058686853,66.05840385589546,1.1490582262808222,0.72,diverse50,7.143,0.0,0.8856,6.983,0.0,0.8304,7.111,0.0,0.9236,6.807,0.0,0.7633,6.213,0.0,0.8359,7.039,0.0,0.8834,7.221,0.0,0.5579,6.6259999999999994,7.010999999999999,-0.3849999999999998,0.8259999999999996,0.16000000000000014,7.221
179,O=C(Nc1sc2nccnc2c1C(=O)Nc1cccc(C(F)(F)F)c1)c1ccccc1F,0.6750797302640147,5.953633773708685,72.36775714540116,0.8580905050160316,0.4558823529411764,diverse50,7.537,0.0,0.743,7.367,0.0,0.7068,7.589,0.0,0.8774,7.354,0.0,0.5446,6.747,0.0,0.6785,7.471,0.0,0.9139,7.538,0.0,0.4209,7.109,7.46175,-0.35275000000000034,0.7240000000000002,0.16999999999999993,7.538
180,O=C(O)c1cccc(-c2cccnc2)c1,0.5727039626373783,5.34250465902323,84.2781142675279,1.2174137519462425,0.4047619047619047,diverse50,4.982,0.0,0.8849,4.527,0.0,0.8528,5.205,0.0,0.9141,4.968,0.0,0.953,4.216,0.0,0.715,4.396,0.0,0.8224,4.437,0.0,0.6917,4.306,4.9205000000000005,-0.6145000000000005,0.17999999999999972,0.45500000000000007,4.437
181,COc1cc2ncnc(Nc3ccccc3OCCN(C)C)c2cc1OCC1CCCCC1,0.5821976981427139,6.228321391546006,53.62531150265993,0.5722999177345305,0.5394736842105263,diverse50,7.609,0.0,0.8652,7.766,0.0,0.9337,7.372,0.0,0.7432,7.643,0.0,0.9526,6.451,0.0,0.7565,7.594,0.0,0.886,7.541,0.0,0.3991,7.0225,7.5975,-0.5750000000000002,1.1430000000000007,0.15700000000000003,7.541
182,COc1cc2ncnc(Nc3ccc(Oc4ccnc(NC(=O)C5CC5)c4)cc3F)c2cc1OC,0.7621713349828518,6.446959932105767,81.57981668994003,1.0408897229387275,0.5384615384615384,diverse50,7.071,0.0,0.3165,6.876,0.0,0.4091,7.247,0.0,0.3341,7.458,0.0,0.757,6.223,0.0,0.3913,7.239,0.0,0.4732,7.626,0.0,0.3617,6.731,7.163,-0.4320000000000004,1.016,0.1949999999999994,7.626
183,COc1cc(Cc2cccc(Nc3ncnc4cc(OC)c(-c5ccncc5)cc34)c2)cc(OC)c1,0.614063147103177,6.817933022871531,48.65163389580884,1.0422757590865748,0.5084745762711864,diverse50,7.565,0.0,0.7133,7.07,0.0,0.3758,7.751,0.0,0.7048,7.21,0.0,0.6669,6.096,0.0,0.4679,7.328,0.0,0.7524,7.653,0.0,0.2869,6.712,7.399000000000001,-0.6870000000000012,1.2320000000000002,0.4950000000000001,7.653
184,O=C(Nc1ccc(Cl)c(C(F)(F)F)c1)c1ccncc1,0.64218418656367,5.796367220153588,82.03490400403285,0.6975682195081816,0.4745762711864407,diverse50,5.794,0.0,0.7839,6.196,0.0,0.858,4.937,0.0,0.6539,5.736,0.0,0.7134,5.082,0.0,0.4903,5.576,0.0,0.8568,5.119,0.0,0.5011,5.329,5.66575,-0.3367500000000003,0.4939999999999998,0.40200000000000014,5.119
185,COc1cc2ncnc(NC3CCN(CCN4CCOCC4)CC3)c2cc1OC1CCN(C)CC1,0.7470401558091563,6.776485278501268,61.13343349750038,0.8180400056495164,0.5492957746478874,diverse50,7.459,0.0,0.7965,7.001,0.0,0.6677,7.506,0.0,0.8171,7.268,0.0,0.4476,5.528,0.0,0.4309,7.244,0.0,0.7746,6.83,0.0,0.2685,6.385999999999999,7.3085,-0.9225000000000012,1.7160000000000002,0.4579999999999993,6.83
186,COc1cc2ncnc(Nc3cccc(C4=CN=NN5C=CC=CC=C4C5)c3)c2cc1OC,0.745695785723461,7.024517201040344,57.3841564167723,0.9040969229187252,0.5538461538461539,diverse50,7.0,0.0,0.579,7.751,0.0,0.8531,7.867,0.0,0.8062,7.84,0.0,0.8742,6.837,0.0,0.6341,7.449,0.0,0.7791,7.85,0.0,0.5623,7.143,7.6145000000000005,-0.4715000000000007,0.6120000000000001,0.7510000000000003,7.85
187,COc1cc2ncnc(Nc3cccc(C(C)(F)Cc4nc5c(N)ncnc5nc4C)c3)c2cc1OC,0.9219531832446992,7.670295100258665,79.1862930157711,0.7866078151835868,0.5909090909090909,diverse50,7.378,0.0,0.4916,7.29,0.0,0.2915,7.684,0.0,0.5399,6.992,0.0,0.4165,6.217,0.0,0.2227,7.095,0.0,0.4413,7.877,0.0,0.3936,6.656,7.336,-0.6800000000000006,0.8780000000000001,0.08800000000000008,7.877
188,COCC(Cc1n[nH]c2ccccc12)c1cccc(Nc2ncnc3cc(OC)c(OC)cc23)c1,0.5725761913721156,7.306562358729653,42.59646381920217,0.9387533797868288,0.5230769230769231,diverse50,7.265,0.0,0.5686,7.293,0.0,0.5198,7.86,0.0,0.8701,7.704,0.0,0.7256,6.911,0.0,0.8032,7.559,0.0,0.8531,7.962,0.0,0.394,7.234999999999999,7.5305,-0.29550000000000054,0.6480000000000006,0.02800000000000047,7.962
189,COc1cc2ncnc(Nc3cccc(-c4csc(C)n4)c3)c2cc1OC1CCOCC1,0.7671984137408059,6.64370633056417,66.01047334045091,1.1639341228895754,0.6521739130434783,diverse50,7.166,0.0,0.6169,7.053,0.0,0.6969,7.767,0.0,0.7858,7.703,0.0,0.816,6.565,0.0,0.5487,7.21,0.0,0.7533,7.495,0.0,0.3728,6.8875,7.42225,-0.5347499999999998,0.6449999999999996,0.11300000000000043,7.495
190,COc1cc2ncnc(Nc3cccc(OC)c3COc3cccc(NS(C)(=O)=O)c3)c2cc1OC,0.7873138563083548,6.89552022048275,65.58451926021633,0.6745266900569157,0.5161290322580645,diverse50,7.476,0.0,0.8899,7.706,0.0,0.937,7.754,0.0,0.9197,7.679,0.0,0.9535,6.259,0.0,0.5404,7.436,0.0,0.8268,8.135,0.0,0.8231,6.8475,7.6537500000000005,-0.8062500000000004,1.1769999999999996,0.23000000000000043,8.135
191,COc1cc2ncnc(Nc3cccc(C(=O)COCCc4cccc(C#N)c4)c3)c2cc1OC,0.7374878642773663,6.64132038094635,62.80200565997514,0.746595529654421,0.640625,diverse50,6.6,0.0,0.4802,6.592,0.0,0.4687,6.834,0.0,0.7464,7.286,0.0,0.8581,6.154,0.0,0.5407,7.305,0.0,0.8365,7.404,0.0,0.4993,6.7295,6.827999999999999,-0.09849999999999959,1.1509999999999998,0.008000000000000007,7.404
192,COc1cc2ncnc(Nc3cccc(-c4cnco4)c3O)c2cc1OC,0.8254770314915716,6.929176727717253,69.38980277289032,1.124391282886495,0.5344827586206896,diverse50,6.424,0.0,0.472,6.431,0.0,0.5537,6.841,0.0,0.6704,6.465,0.0,0.6032,5.969,0.0,0.5946,6.314,0.0,0.7602,7.057,0.0,0.5731,6.141500000000001,6.54025,-0.3987499999999997,0.34499999999999975,0.006999999999999673,7.057
193,COc1cc2ncnc(Nc3cccc(C4CCN4CCC(C)(C)C#N)c3)c2cc1OC,0.6543173846681021,7.234777307688811,48.68416937621526,0.8138110003121133,0.5373134328358209,diverse50,7.607,0.0,0.6256,6.999,0.0,0.6563,7.754,0.0,0.8768,7.422,0.0,0.8277,6.542,0.0,0.6012,7.614,0.0,0.8825,7.638,0.0,0.581,7.077999999999999,7.4455,-0.3675000000000006,1.072,0.6080000000000005,7.638
194,COc1cc2ncnc(Nc3cccc(C(O)(CO)c4ccccc4-c4ccc(C)c(C)c4)c3)c2cc1OC,0.8962090735389967,7.40225830609225,73.88544670746651,0.8727635640852259,0.5522388059701493,diverse50,7.001,0.0,0.4363,6.987,0.0,0.2888,7.501,0.0,0.8081,7.578,0.0,0.8384,6.878,0.0,0.7603,7.755,0.0,0.7605,8.171,0.0,0.5678,7.3165,7.26675,0.04974999999999952,0.8769999999999998,0.014000000000000234,8.171
195,CCOc1cc2c(Nc3cccc(C(C)(C)OC)c3C)ncnc2cc1OC,0.4995354285608037,7.278258500837794,37.995340376268544,1.3069939815307745,0.5862068965517241,diverse50,7.07,0.0,0.7466,6.772,0.0,0.7833,7.432,0.0,0.9179,7.02,0.0,0.7776,6.06,0.0,0.5547,6.924,0.0,0.869,7.527,0.0,0.6579,6.492,7.0735,-0.5815000000000001,0.8640000000000008,0.29800000000000004,7.527
196,COc1cccc(Nc2ncnc3cc(OC)c(OC)nc23)c1,0.719360845931322,6.861857209716492,56.74141951480437,1.213629724226654,0.5918367346938775,diverse50,6.567,0.0,0.8987,6.474,0.0,0.9252,6.188,0.0,0.942,6.614,0.0,0.9538,5.662,0.0,0.7522,6.013,0.0,0.9354,6.303,0.0,0.6108,5.8375,6.46075,-0.6232499999999996,0.351,0.09299999999999997,6.303
197,COc1cc2ncnc(Nc3ccc(Oc4ccccc4)cc3)c2cc1OCC1CCN(CC(=O)N2CCN(C)CC2)CC1,0.5660837716986822,7.057004420015705,45.86678245689728,0.40973703810725,0.5662650602409639,diverse50,7.581,0.0,0.4319,7.698,0.0,0.6489,8.098,0.0,0.7457,8.232,0.0,0.821,6.214,0.0,0.2503,7.96,0.0,0.624,7.4,0.0,0.2339,7.087,7.90225,-0.8152500000000007,1.7459999999999996,0.11699999999999999,7.4
198,COc1cc2ncnc(Nc3cccc(-c4cnc(NCC(=O)O)nc4N)c3)c2cc1OC,0.8225944664357046,7.011838323011065,68.24920433023647,0.7361404125849851,0.578125,diverse50,7.227,0.0,0.5671,7.339,0.0,0.5402,7.252,0.0,0.7123,7.081,0.0,0.614,5.124,0.0,0.253,6.877,0.0,0.7042,7.304,0.0,0.4479,6.0005,7.22475,-1.2242500000000005,1.7530000000000001,0.1120000000000001,7.304
199,COc1cc2ncnc(Nc3cccc(-c4cnnn4-c4cccc(C(F)(F)F)c4)c3)c2cc1OC,0.6946508758596376,6.480899763955738,59.513116784442005,1.0452396549273952,0.6721311475409836,diverse50,7.547,0.0,0.5232,7.293,0.0,0.6872,7.887,0.0,0.7966,7.239,0.0,0.6548,6.856,0.0,0.5181,7.671,0.0,0.8085,7.65,0.0,0.356,7.2635000000000005,7.4915,-0.22799999999999976,0.8150000000000004,0.25399999999999956,7.65
